Fips,County,StateCode,Density
10001,kent,de,503.7269230769231
10003,new_castle,de,1055.088
10005,sussex,de,423.5576923076923
12001,alachua,fl,176.55555555555554
12003,baker,fl,548.0
12005,bay,fl,586.1538461538462
12007,bradford,fl,245.75
12009,brevard,fl,803.5555555555555
12011,broward,fl,2197.4594594594596
12013,calhoun,fl,267.5
12015,charlotte,fl,558.6
12017,citrus,fl,282.0
12019,clay,fl,627.7
12021,collier,fl,1001.8176470588236
12023,columbia,fl,268.75
12027,desoto,fl,593.5
12029,dixie,fl,303.0
12031,duval,fl,929.2
12033,escambia,fl,751.0
12035,flagler,fl,245.2
12037,franklin,fl,235.5
12039,gadsden,fl,175.16666666666666
12041,gilchrist,fl,134.33333333333334
12043,glades,fl,617.0
12045,gulf,fl,122.5
12047,hamilton,fl,326.6666666666667
12049,hardee,fl,223.0
12051,hendry,fl,299.7142857142857
12053,hernando,fl,371.18
12055,highlands,fl,330.0
12057,hillsborough,fl,968.5757575757576
12059,holmes,fl,90.6
12061,indian_river,fl,436.3333333333333
12063,jackson,fl,125.53636363636365
12065,jefferson,fl,57.833333333333336
12067,lafayette,fl,358.5
12069,lake,fl,328.625
12071,lee,fl,779.9594594594595
12073,leon,fl,461.5
12075,levy,fl,113.66666666666667
12077,liberty,fl,98.25
12079,madison,fl,298.6666666666667
12081,manatee,fl,1256.9285714285713
12083,marion,fl,346.1666666666667
12085,martin,fl,754.15
12086,miami-dade,fl,2733.04
12087,monroe,fl,603.5916666666667
12089,nassau,fl,256.6
12091,okaloosa,fl,841.7307692307693
12093,okeechobee,fl,432.6666666666667
12095,orange,fl,1052.8617021276596
12097,osceola,fl,909.3333333333334
12099,palm_beach,fl,1467.2454545454545
12101,pasco,fl,737.3235294117648
12103,pinellas,fl,1612.8864864864865
12105,polk,fl,514.3631578947368
12107,putnam,fl,240.16666666666666
12109,st._johns,fl,594.3076923076923
12111,st._lucie,fl,630.3
12113,santa_rosa,fl,243.8181818181818
12115,sarasota,fl,1108.0833333333333
12117,seminole,fl,963.8666666666667
12119,sumter,fl,281.2857142857143
12121,suwannee,fl,321.5
12123,taylor,fl,172.5
12125,union,fl,139.0
12127,volusia,fl,616.9583333333334
12129,wakulla,fl,174.25
12131,walton,fl,196.5
12133,washington,fl,111.8
13001,appling,ga,168.66666666666666
13003,atkinson,ga,189.5
13005,bacon,ga,122.5
13007,baker,ga,101.0
13009,baldwin,ga,309.0
13011,banks,ga,62.0
13013,barrow,ga,319.0
13015,bartow,ga,215.0
13017,ben_hill,ga,376.0
13019,berrien,ga,303.0
13021,bibb,ga,236.0
13023,bleckley,ga,405.0
13025,brantley,ga,116.5
13027,brooks,ga,272.0
13029,bryan,ga,173.0
13031,bulloch,ga,297.25
13033,burke,ga,155.66666666666666
13035,butts,ga,214.66666666666666
13037,calhoun,ga,252.0
13039,camden,ga,274.5
13043,candler,ga,164.0
13045,carroll,ga,265.0
13047,catoosa,ga,418.75
13049,charlton,ga,310.0
13051,chatham,ga,391.5882352941176
13053,chattahoochee,ga,16.0
13055,chattooga,ga,294.75
13057,cherokee,ga,537.8
13059,clarke,ga,334.5
13061,clay,ga,60.5
13063,clayton,ga,986.7777777777778
13065,clinch,ga,114.5
13067,cobb,ga,1135.111111111111
13069,coffee,ga,276.0
13071,colquitt,ga,221.5
13073,columbia,ga,565.8
13075,cook,ga,183.5
13077,coweta,ga,243.5
13079,crawford,ga,169.3
13081,crisp,ga,223.5
13083,dade,ga,276.0
13085,dawson,ga,137.0
13087,decatur,ga,188.75
13089,dekalb,ga,1372.8190476190478
13091,dodge,ga,174.6
13093,dooly,ga,210.45000000000002
13095,dougherty,ga,279.0
13097,douglas,ga,529.5
13099,early,ga,60.75
13103,effingham,ga,401.0
13105,elbert,ga,171.33333333333334
13107,emanuel,ga,86.33333333333333
13109,evans,ga,276.5
13111,fannin,ga,183.4
13113,fayette,ga,289.8
13115,floyd,ga,275.0
13117,forsyth,ga,350.0
13119,franklin,ga,176.33333333333334
13121,fulton,ga,714.0
13123,gilmer,ga,150.5
13125,glascock,ga,133.83333333333334
13127,glynn,ga,454.5
13129,gordon,ga,222.0
13131,grady,ga,192.66666666666666
13133,greene,ga,135.6
13135,gwinnett,ga,753.0
13137,habersham,ga,305.42857142857144
13139,hall,ga,274.6666666666667
13141,hancock,ga,370.0
13143,haralson,ga,212.0
13145,harris,ga,155.25
13147,hart,ga,153.0
13149,heard,ga,78.0
13151,henry,ga,497.8
13153,houston,ga,498.25
13155,irwin,ga,556.0
13157,jackson,ga,137.28571428571428
13159,jasper,ga,213.5
13161,jeff_davis,ga,137.33333333333334
13163,jefferson,ga,149.85714285714286
13165,jenkins,ga,154.5
13167,johnson,ga,234.0
13169,jones,ga,316.0
13171,lamar,ga,222.4333333333333
13173,lanier,ga,411.0
13175,laurens,ga,217.85714285714286
13177,lee,ga,154.0
13179,liberty,ga,257.625
13181,lincoln,ga,223.0
13183,long,ga,358.0
13185,lowndes,ga,406.1166666666666
13187,lumpkin,ga,306.0
13189,mcduffie,ga,413.5
13191,mcintosh,ga,35.0
13193,macon,ga,206.75
13195,madison,ga,234.98333333333335
13197,marion,ga,265.0
13199,meriwether,ga,127.85714285714286
13201,miller,ga,52.5
13205,mitchell,ga,228.75
13207,monroe,ga,206.5
13209,montgomery,ga,88.33333333333333
13211,morgan,ga,113.0
13213,murray,ga,333.0
13215,muscogee,ga,348.0
13217,newton,ga,284.6
13219,oconee,ga,220.75
13221,oglethorpe,ga,226.0
13223,paulding,ga,384.6666666666667
13225,peach,ga,339.0
13227,pickens,ga,98.5
13229,pierce,ga,159.0
13231,pike,ga,124.83333333333333
13233,polk,ga,426.6666666666667
13235,pulaski,ga,382.0
13237,putnam,ga,101.5
13241,rabun,ga,171.6
13243,randolph,ga,193.0
13245,richmond,ga,140.66666666666666
13247,rockdale,ga,1224.5
13249,schley,ga,229.0
13251,screven,ga,130.6
13253,seminole,ga,208.5
13255,spalding,ga,416.4
13257,stephens,ga,153.33333333333334
13259,stewart,ga,207.5
13261,sumter,ga,220.0
13263,talbot,ga,105.5
13265,taliaferro,ga,52.0
13267,tattnall,ga,177.5
13269,taylor,ga,196.0
13271,telfair,ga,145.66666666666666
13273,terrell,ga,214.25
13275,thomas,ga,273.5
13277,tift,ga,559.58
13279,toombs,ga,220.70000000000002
13281,towns,ga,346.0
13283,treutlen,ga,269.0
13285,troup,ga,191.0
13287,turner,ga,301.3333333333333
13289,twiggs,ga,101.5
13291,union,ga,253.0
13293,upson,ga,182.42857142857142
13295,walker,ga,395.5
13297,walton,ga,231.71428571428572
13299,ware,ga,346.6666666666667
13301,warren,ga,230.0
13303,washington,ga,144.14285714285714
13305,wayne,ga,147.66666666666666
13309,wheeler,ga,417.0
13311,white,ga,195.0
13313,whitfield,ga,282.75
13315,wilcox,ga,169.2
13317,wilkes,ga,128.0
13319,wilkinson,ga,94.5
13321,worth,ga,228.0
15001,hawaii,hi,191.23571428571427
15003,honolulu,hi,1704.686274509804
15007,kauai,hi,551.4782608695652
15009,maui,hi,315.86206896551727
16001,ada,id,762.6666666666666
16003,adams,id,266.5
16005,bannock,id,346.22222222222223
16007,bear_lake,id,165.83333333333334
16009,benewah,id,313.88
16011,bingham,id,410.38
16013,blaine,id,405.0
16015,boise,id,128.25714285714284
16017,bonner,id,269.2
16019,bonneville,id,609.7142857142857
16021,boundary,id,345.0
16023,butte,id,147.9
16025,camas,id,249.0
16027,canyon,id,734.7
16029,caribou,id,315.3333333333333
16031,cassia,id,319.15999999999997
16033,clark,id,45.5
16035,clearwater,id,259.9
16037,custer,id,142.45
16039,elmore,id,429.0
16041,franklin,id,133.06666666666666
16043,fremont,id,320.75714285714287
16045,gem,id,1029.0
16047,gooding,id,632.0
16049,idaho,id,291.6625
16051,jefferson,id,455.1857142857143
16053,jerome,id,744.9
16055,kootenai,id,443.44375
16057,latah,id,469.09
16059,lemhi,id,283.5
16061,lewis,id,326.04
16063,lincoln,id,387.1333333333334
16065,madison,id,731.0
16067,minidoka,id,565.3199999999999
16069,nez_perce,id,348.38
16071,oneida,id,444.0
16073,owyhee,id,442.25
16075,payette,id,856.6666666666666
16077,power,id,408.06666666666666
16079,shoshone,id,383.3285714285715
16081,teton,id,293.3333333333333
16083,twin_falls,id,634.275
16085,valley,id,85.6
16087,washington,id,303.6666666666667
17001,adams,il,283.00625
17003,alexander,il,84.83333333333333
17005,bond,il,255.6375
17007,boone,il,494.2857142857143
17009,brown,il,282.225
17011,bureau,il,298.33181818181816
17013,calhoun,il,100.6
17015,carroll,il,437.74285714285713
17017,cass,il,418.8
17019,champaign,il,538.6
17021,christian,il,398.00714285714287
17023,clark,il,269.6
17025,clay,il,253.04999999999998
17027,clinton,il,505.5230769230769
17029,coles,il,570.5500000000001
17031,cook,il,1655.7811965811966
17033,crawford,il,319.225
17035,cumberland,il,359.25
17037,dekalb,il,633.8181818181819
17039,de_witt,il,344.42857142857144
17041,douglas,il,415.725
17043,dupage,il,1306.6666666666667
17045,edgar,il,360.925
17047,edwards,il,199.9
17049,effingham,il,274.23333333333335
17051,fayette,il,273.425
17053,ford,il,395.67777777777775
17055,franklin,il,313.8666666666667
17057,fulton,il,276.2473684210526
17059,gallatin,il,224.71428571428572
17061,greene,il,303.325
17063,grundy,il,381.44545454545454
17065,hamilton,il,175.25
17067,hancock,il,194.53333333333333
17069,hardin,il,223.70000000000002
17071,henderson,il,193.06666666666666
17073,henry,il,381.68461538461537
17075,iroquois,il,373.805
17077,jackson,il,332.5
17079,jasper,il,157.92857142857142
17081,jefferson,il,198.1
17083,jersey,il,202.29999999999998
17085,jo_daviess,il,221.25
17087,johnson,il,104.0
17089,kane,il,709.5826086956522
17091,kankakee,il,347.4578947368421
17093,kendall,il,598.0
17095,knox,il,316.98125
17097,lake,il,934.533962264151
17099,lasalle,il,313.63461538461536
17101,lawrence,il,518.8
17103,lee,il,325.63571428571424
17105,livingston,il,378.81538461538463
17107,logan,il,321.47499999999997
17109,mcdonough,il,283.8
17111,mchenry,il,519.2689655172413
17113,mclean,il,399.07142857142856
17115,macon,il,462.3076923076923
17117,macoupin,il,323.132
17119,madison,il,425.81290322580645
17121,marion,il,314.9384615384615
17123,marshall,il,346.35
17125,mason,il,312.12
17127,massac,il,361.0
17129,menard,il,390.15000000000003
17131,mercer,il,277.93636363636364
17133,monroe,il,279.03333333333336
17135,montgomery,il,232.19
17137,morgan,il,382.4
17139,moultrie,il,438.3333333333333
17141,ogle,il,379.62857142857143
17143,peoria,il,431.8882352941177
17145,perry,il,358.0
17147,piatt,il,494.53333333333336
17149,pike,il,190.16111111111113
17151,pope,il,452.7
17153,pulaski,il,156.71428571428572
17155,putnam,il,231.78333333333333
17157,randolph,il,317.09999999999997
17159,richland,il,202.4
17161,rock_island,il,394.0842105263158
17163,st._clair,il,373.75357142857143
17165,saline,il,333.8666666666667
17167,sangamon,il,512.6846153846153
17169,schuyler,il,176.35
17171,scott,il,184.0
17173,shelby,il,366.3181818181818
17175,stark,il,486.15
17177,stephenson,il,453.8181818181818
17179,tazewell,il,591.3941176470589
17181,union,il,226.1833333333333
17183,vermilion,il,389.64090909090913
17185,wabash,il,305.975
17187,warren,il,508.91999999999996
17189,washington,il,182.66666666666666
17191,wayne,il,162.5
17193,white,il,264.61
17195,whiteside,il,479.575
17197,will,il,646.0103448275862
17199,williamson,il,304.73333333333335
17201,winnebago,il,504.0
17203,woodford,il,433.97333333333336
18001,adams,in,549.75
18003,allen,in,516.8888888888889
18005,bartholomew,in,436.38571428571424
18007,benton,in,420.88
18009,blackford,in,428.9666666666667
18011,boone,in,406.34285714285716
18013,brown,in,278.5
18015,carroll,in,433.96000000000004
18017,cass,in,628.02
18019,clark,in,363.22222222222223
18021,clay,in,397.825
18023,clinton,in,834.6666666666666
18025,crawford,in,195.28
18027,daviess,in,318.1625
18029,dearborn,in,468.76666666666665
18031,decatur,in,386.9857142857143
18033,dekalb,in,441.5625
18035,delaware,in,423.85714285714283
18037,dubois,in,382.98333333333335
18039,elkhart,in,498.5
18041,fayette,in,658.0
18043,floyd,in,567.75
18045,fountain,in,334.9875
18047,franklin,in,344.3
18049,fulton,in,568.525
18051,gibson,in,594.98
18053,grant,in,366.73333333333335
18055,greene,in,404.46666666666664
18057,hamilton,in,818.2375
18059,hancock,in,526.25
18061,harrison,in,252.6
18063,hendricks,in,458.67272727272723
18065,henry,in,397.62
18067,howard,in,593.3333333333334
18069,huntington,in,478.6666666666667
18071,jackson,in,456.8666666666666
18073,jasper,in,317.8
18075,jay,in,460.1333333333334
18077,jefferson,in,259.8666666666667
18079,jennings,in,284.9
18081,johnson,in,634.0
18083,knox,in,328.75384615384615
18085,kosciusko,in,491.13846153846157
18087,lagrange,in,315.75
18089,lake,in,709.0454545454545
18091,laporte,in,391.4266666666666
18093,lawrence,in,372.2
18095,madison,in,496.3933333333333
18097,marion,in,872.2533333333333
18099,marshall,in,558.0
18101,martin,in,164.0
18103,miami,in,395.6875
18105,monroe,in,464.76000000000005
18107,montgomery,in,475.56666666666666
18109,morgan,in,529.5375
18111,newton,in,336.8142857142857
18113,noble,in,481.4125
18115,ohio,in,541.0
18117,orange,in,357.25
18119,owen,in,414.1
18121,parke,in,546.1833333333333
18123,perry,in,397.6666666666667
18125,pike,in,322.35
18127,porter,in,563.725
18129,posey,in,473.3833333333334
18131,pulaski,in,454.78000000000003
18133,putnam,in,404.4
18135,randolph,in,518.7555555555556
18137,ripley,in,363.2
18139,rush,in,374.3833333333334
18141,st._joseph,in,771.6454545454545
18143,scott,in,513.0
18145,shelby,in,294.75
18147,spencer,in,320.77777777777777
18149,starke,in,299.23333333333335
18151,steuben,in,299.8333333333333
18153,sullivan,in,573.2571428571429
18155,switzerland,in,271.5
18157,tippecanoe,in,400.1666666666667
18159,tipton,in,636.975
18161,union,in,651.9
18163,vanderburgh,in,682.6666666666666
18165,vermillion,in,389.3777777777778
18167,vigo,in,302.825
18169,wabash,in,405.7285714285714
18171,warren,in,329.45
18173,warrick,in,477.95
18175,washington,in,165.75
18177,wayne,in,446.12857142857143
18179,wells,in,338.18333333333334
18181,white,in,420.39
18183,whitley,in,480.58000000000004
19001,adair,ia,288.5
19003,adams,ia,159.75
19005,allamakee,ia,361.2833333333333
19007,appanoose,ia,122.41818181818181
19009,audubon,ia,195.4
19011,benton,ia,366.37142857142857
19013,black_hawk,ia,338.7
19015,boone,ia,242.86666666666667
19017,bremer,ia,402.2875
19019,buchanan,ia,371.5
19021,buena_vista,ia,358.24
19023,butler,ia,301.2
19025,calhoun,ia,105.03333333333335
19027,carroll,ia,235.8153846153846
19029,cass,ia,280.325
19031,cedar,ia,392.4555555555555
19033,cerro_gordo,ia,156.4
19035,cherokee,ia,238.8375
19037,chickasaw,ia,198.3
19039,clarke,ia,226.66666666666666
19041,clay,ia,196.95999999999998
19043,clayton,ia,197.425
19045,clinton,ia,233.73076923076923
19047,crawford,ia,276.84615384615387
19049,dallas,ia,281.67857142857144
19051,davis,ia,264.4
19053,decatur,ia,153.37
19055,delaware,ia,265.03636363636366
19057,des_moines,ia,412.8333333333333
19059,dickinson,ia,258.8
19061,dubuque,ia,254.0095238095238
19063,emmet,ia,197.63333333333333
19065,fayette,ia,235.6307692307692
19067,floyd,ia,270.7142857142857
19069,franklin,ia,106.2
19071,fremont,ia,176.8181818181818
19073,greene,ia,150.27142857142857
19075,grundy,ia,249.89999999999998
19077,guthrie,ia,230.45999999999998
19079,hamilton,ia,168.125
19081,hancock,ia,211.4272727272727
19083,hardin,ia,173.07692307692307
19085,harrison,ia,234.1
19087,henry,ia,294.65999999999997
19089,howard,ia,241.0
19091,humboldt,ia,163.32500000000002
19093,ida,ia,349.52
19095,iowa,ia,240.95333333333335
19097,jackson,ia,252.39166666666665
19099,jasper,ia,327.9384615384615
19101,jefferson,ia,300.85714285714283
19103,johnson,ia,800.1999999999999
19105,jones,ia,264.65
19107,keokuk,ia,160.21875
19109,kossuth,ia,245.0
19111,lee,ia,248.38888888888889
19113,linn,ia,422.29411764705884
19115,louisa,ia,331.9111111111111
19117,lucas,ia,188.04000000000002
19119,lyon,ia,219.5
19121,madison,ia,251.75
19123,mahaska,ia,280.93333333333334
19125,marion,ia,251.96666666666664
19127,marshall,ia,282.68571428571425
19129,mills,ia,324.8375
19131,mitchell,ia,144.86666666666667
19133,monona,ia,174.31
19135,monroe,ia,325.0
19137,montgomery,ia,262.96666666666664
19139,muscatine,ia,372.4375
19141,o'brien,ia,308.75
19143,osceola,ia,226.68
19145,page,ia,144.72727272727272
19147,palo_alto,ia,264.27777777777777
19149,plymouth,ia,325.1545454545454
19151,pocahontas,ia,207.775
19153,polk,ia,527.0588235294117
19155,pottawattamie,ia,331.7375
19157,poweshiek,ia,222.5
19159,ringgold,ia,77.74545454545455
19161,sac,ia,251.03333333333336
19163,scott,ia,295.24117647058824
19165,shelby,ia,172.92307692307693
19167,sioux,ia,340.0076923076923
19169,story,ia,392.07142857142856
19171,tama,ia,252.33333333333334
19173,taylor,ia,168.17777777777778
19175,union,ia,232.44285714285712
19177,van_buren,ia,156.7
19179,wapello,ia,346.61428571428576
19181,warren,ia,260.84999999999997
19183,washington,ia,377.175
19185,wayne,ia,158.9625
19187,webster,ia,196.57857142857142
19189,winnebago,ia,208.4
19191,winneshiek,ia,230.5888888888889
19193,woodbury,ia,376.10625
19195,worth,ia,158.6875
19197,wright,ia,207.0
20001,allen,ks,236.46666666666664
20003,anderson,ks,158.82857142857142
20005,atchison,ks,285.18
20007,barber,ks,154.175
20009,barton,ks,277.21999999999997
20011,bourbon,ks,275.03333333333336
20013,brown,ks,133.76875
20015,butler,ks,502.7615384615384
20017,chase,ks,188.62
20019,chautauqua,ks,170.15
20021,cherokee,ks,261.4375
20023,cheyenne,ks,350.5
20025,clark,ks,269.6666666666667
20027,clay,ks,254.16666666666666
20029,cloud,ks,252.73333333333335
20031,coffey,ks,311.3333333333333
20033,comanche,ks,104.60000000000001
20035,cowley,ks,267.31111111111113
20037,crawford,ks,271.75
20039,decatur,ks,148.35
20041,dickinson,ks,299.85
20043,doniphan,ks,208.64444444444445
20045,douglas,ks,706.0
20047,edwards,ks,251.35
20049,elk,ks,202.72
20051,ellis,ks,406.6333333333334
20053,ellsworth,ks,334.58000000000004
20055,finney,ks,836.5
20057,ford,ks,335.2714285714286
20059,franklin,ks,281.06666666666666
20061,geary,ks,624.3333333333334
20063,gove,ks,201.44
20065,graham,ks,329.0
20067,grant,ks,659.0
20069,gray,ks,342.96
20071,greeley,ks,217.0
20073,greenwood,ks,219.94285714285712
20075,hamilton,ks,129.5
20077,harper,ks,177.96666666666667
20079,harvey,ks,490.5
20081,haskell,ks,635.0
20083,hodgeman,ks,127.75
20085,jackson,ks,219.04444444444445
20087,jefferson,ks,471.6333333333333
20089,jewell,ks,122.91250000000001
20091,johnson,ks,939.021052631579
20093,kearny,ks,679.0
20095,kingman,ks,180.34285714285716
20097,kiowa,ks,309.6666666666667
20099,labette,ks,232.05
20101,lane,ks,183.0
20103,leavenworth,ks,376.2833333333333
20105,lincoln,ks,184.85000000000002
20107,linn,ks,238.25714285714284
20109,logan,ks,152.425
20111,lyon,ks,286.73333333333335
20113,mcpherson,ks,503.2444444444444
20115,marion,ks,223.53333333333333
20117,marshall,ks,224.3
20119,meade,ks,417.0
20121,miami,ks,240.83333333333334
20123,mitchell,ks,181.05714285714288
20125,montgomery,ks,266.3333333333333
20127,morris,ks,159.24285714285716
20129,morton,ks,208.9333333333333
20131,nemaha,ks,229.8777777777778
20133,neosho,ks,213.71428571428572
20135,ness,ks,202.3
20137,norton,ks,247.6
20139,osage,ks,356.68
20141,osborne,ks,230.28000000000003
20143,ottawa,ks,242.53333333333333
20145,pawnee,ks,270.725
20147,phillips,ks,182.13750000000002
20149,pottawatomie,ks,387.29090909090905
20151,pratt,ks,129.47142857142856
20153,rawlins,ks,139.85
20155,reno,ks,272.45714285714286
20157,republic,ks,151.93333333333334
20159,rice,ks,298.0111111111111
20161,riley,ks,513.5
20163,rooks,ks,229.88333333333333
20165,rush,ks,183.4125
20167,russell,ks,167.8875
20169,saline,ks,378.95
20171,scott,ks,555.0
20173,sedgwick,ks,555.3842105263158
20175,seward,ks,558.3
20177,shawnee,ks,549.75
20179,sheridan,ks,358.7
20181,sherman,ks,173.85
20183,smith,ks,151.08333333333334
20185,stafford,ks,186.66666666666666
20187,stanton,ks,146.8
20189,stevens,ks,524.35
20191,sumner,ks,288.3181818181818
20193,thomas,ks,162.9
20195,trego,ks,177.9333333333333
20197,wabaunsee,ks,337.4888888888889
20199,wallace,ks,238.0
20201,washington,ks,228.95454545454547
20203,wichita,ks,240.0
20205,wilson,ks,196.35714285714286
20207,woodson,ks,111.825
20209,wyandotte,ks,286.0
21001,adair,ky,378.0
21003,allen,ky,274.0
21005,anderson,ky,731.0
21007,ballard,ky,319.0
21009,barren,ky,209.5
21011,bath,ky,271.6333333333333
21013,bell,ky,350.0
21015,boone,ky,465.54545454545456
21017,bourbon,ky,513.2666666666667
21019,boyd,ky,471.3333333333333
21021,boyle,ky,409.0
21023,bracken,ky,377.9666666666667
21025,breathitt,ky,338.0
21027,breckinridge,ky,389.0
21029,bullitt,ky,606.3888888888889
21031,butler,ky,177.13333333333333
21033,caldwell,ky,274.5
21035,calloway,ky,327.7
21037,campbell,ky,877.55
21039,carlisle,ky,255.25
21041,carroll,ky,333.34000000000003
21043,carter,ky,426.0
21045,casey,ky,406.0
21047,christian,ky,281.9428571428571
21049,clark,ky,782.0
21051,clay,ky,185.0
21053,clinton,ky,419.0
21055,crittenden,ky,157.29999999999998
21057,cumberland,ky,157.5
21059,daviess,ky,467.75
21061,edmonson,ky,139.0
21063,elliott,ky,255.0
21065,estill,ky,677.95
21069,fleming,ky,220.16666666666666
21071,floyd,ky,172.94444444444446
21073,franklin,ky,724.0
21075,fulton,ky,190.66666666666666
21077,gallatin,ky,296.3333333333333
21079,garrard,ky,651.0
21081,grant,ky,185.5
21083,graves,ky,168.55555555555554
21085,grayson,ky,301.3333333333333
21087,green,ky,264.0
21089,greenup,ky,485.625
21091,hancock,ky,483.0
21093,hardin,ky,292.875
21095,harlan,ky,210.54166666666666
21097,harrison,ky,378.5
21099,hart,ky,216.5
21101,henderson,ky,390.75
21103,henry,ky,581.24
21105,hickman,ky,236.4
21107,hopkins,ky,224.01999999999998
21109,jackson,ky,105.5
21111,jefferson,ky,1268.620481927711
21113,jessamine,ky,480.6666666666667
21115,johnson,ky,235.0
21117,kenton,ky,941.9588235294117
21119,knott,ky,331.0
21121,knox,ky,241.33333333333334
21123,larue,ky,291.0
21125,laurel,ky,274.3333333333333
21127,lawrence,ky,259.0
21129,lee,ky,249.0
21131,leslie,ky,111.0
21133,letcher,ky,114.325
21135,lewis,ky,192.53333333333333
21137,lincoln,ky,259.3333333333333
21139,livingston,ky,132.76666666666668
21141,logan,ky,288.0
21143,lyon,ky,116.5
21145,mccracken,ky,390.8
21147,mccreary,ky,153.66666666666666
21149,mclean,ky,339.62
21151,madison,ky,523.5
21153,magoffin,ky,307.0
21155,marion,ky,210.225
21157,marshall,ky,203.5
21159,martin,ky,158.0
21161,mason,ky,151.0
21163,meade,ky,363.05
21165,menifee,ky,398.0
21167,mercer,ky,257.3333333333333
21169,metcalfe,ky,120.0
21171,monroe,ky,201.66666666666666
21173,montgomery,ky,359.6666666666667
21175,morgan,ky,183.0
21177,muhlenberg,ky,221.325
21179,nelson,ky,214.55714285714288
21181,nicholas,ky,710.0
21183,ohio,ky,323.6333333333333
21185,oldham,ky,600.4375
21187,owen,ky,188.20000000000002
21189,owsley,ky,27.0
21191,pendleton,ky,839.75
21193,perry,ky,263.7
21195,pike,ky,96.9125
21197,powell,ky,412.0
21199,pulaski,ky,234.2
21201,robertson,ky,134.0
21203,rockcastle,ky,260.8666666666667
21205,rowan,ky,219.26666666666665
21207,russell,ky,229.5
21209,scott,ky,520.3333333333334
21211,shelby,ky,590.5
21213,simpson,ky,233.0
21215,spencer,ky,416.0
21217,taylor,ky,583.0
21219,todd,ky,277.3333333333333
21221,trigg,ky,208.5
21223,trimble,ky,296.2
21225,union,ky,342.9
21227,warren,ky,369.0
21229,washington,ky,236.66666666666666
21231,wayne,ky,380.0
21233,webster,ky,246.18571428571428
21235,whitley,ky,289.2
21237,wolfe,ky,75.5
21239,woodford,ky,545.5
22001,acadia,la,385.3333333333333
22003,allen,la,216.2
22005,ascension,la,488.4
22007,assumption,la,221.54285714285714
22009,avoyelles,la,218.75
22011,beauregard,la,113.0
22013,bienville,la,101.5
22015,bossier,la,326.6666666666667
22017,caddo,la,214.25
22019,calcasieu,la,345.8333333333333
22021,caldwell,la,203.75
22023,cameron,la,12.5
22025,catahoula,la,215.25
22027,claiborne,la,131.25
22029,concordia,la,333.42857142857144
22031,de_soto,la,144.4
22033,east_baton_rouge,la,863.0
22035,east_carroll,la,277.0
22037,east_feliciana,la,164.4
22039,evangeline,la,418.14285714285717
22041,franklin,la,278.0
22043,grant,la,153.125
22045,iberia,la,716.5
22047,iberville,la,361.375
22049,jackson,la,252.81428571428572
22051,jefferson,la,1215.6190476190477
22053,jefferson_davis,la,308.14285714285717
22055,lafayette,la,372.25
22057,lafourche,la,335.6
22059,lasalle,la,205.8
22061,lincoln,la,209.33333333333334
22063,livingston,la,269.55555555555554
22065,madison,la,274.0
22067,morehouse,la,161.0
22069,natchitoches,la,155.63636363636363
22071,orleans,la,891.0
22073,ouachita,la,502.6
22075,plaquemines,la,151.125
22077,pointe_coupee,la,230.8
22079,rapides,la,316.09090909090907
22081,red_river,la,112.7
22083,richland,la,326.25
22085,sabine,la,124.55555555555556
22087,st._bernard,la,755.0
22089,st._charles,la,249.89285714285714
22091,st._helena,la,111.0
22093,st._james,la,164.44615384615386
22095,st._john_the_baptist,la,163.16666666666666
22097,st._landry,la,372.0
22099,st._martin,la,335.7142857142857
22101,st._mary,la,383.45454545454544
22103,st._tammany,la,393.2
22105,tangipahoa,la,340.6666666666667
22107,tensas,la,457.6666666666667
22109,terrebonne,la,428.44444444444446
22111,union,la,125.28571428571429
22113,vermilion,la,584.6666666666666
22115,vernon,la,230.22222222222223
22117,washington,la,272.0
22119,webster,la,172.45454545454547
22121,west_baton_rouge,la,441.25
22123,west_carroll,la,208.0
22125,west_feliciana,la,399.0
22127,winn,la,89.75
23001,androscoggin,me,286.0
23003,aroostook,me,78.8
23005,cumberland,me,506.1666666666667
23007,franklin,me,123.33333333333333
23009,hancock,me,39.0
23011,kennebec,me,225.75
23013,knox,me,215.0
23017,oxford,me,170.5
23019,penobscot,me,168.625
23023,sagadahoc,me,352.0
23027,waldo,me,76.0
23029,washington,me,102.33333333333333
23031,york,me,237.7
24001,allegany,md,278.88048780487804
24003,anne_arundel,md,968.1375
24005,baltimore,md,1274.483870967742
24009,calvert,md,546.2285714285714
24011,caroline,md,395.89166666666665
24013,carroll,md,742.7777777777778
24015,cecil,md,556.5
24017,charles,md,376.3230769230769
24019,dorchester,md,190.47142857142856
24021,frederick,md,548.75
24023,garrett,md,200.19230769230768
24025,harford,md,553.4666666666667
24027,howard,md,886.6666666666666
24029,kent,md,233.35833333333335
24031,montgomery,md,1733.2381818181818
24033,prince_george's,md,1544.823076923077
24035,queen_anne's,md,320.4
24037,st._mary's,md,322.8888888888889
24039,somerset,md,151.63636363636363
24041,talbot,md,317.0
24043,washington,md,289.77777777777777
24045,wicomico,md,273.82631578947365
24047,worcester,md,320.1818181818182
25001,barnstable,ma,305.7206896551724
25003,berkshire,ma,314.6666666666667
25005,bristol,ma,864.6666666666666
25007,dukes,ma,467.5
25009,essex,ma,1678.6666666666667
25011,franklin,ma,499.6666666666667
25013,hampden,ma,966.75
25015,hampshire,ma,321.0
25017,middlesex,ma,2603.5555555555557
25019,nantucket,ma,36.0
25021,norfolk,ma,1373.5
25023,plymouth,ma,611.5384615384615
25025,suffolk,ma,5352.666666666667
25027,worcester,ma,542.1666666666666
26001,alcona,mi,126.25
26003,alger,mi,85.0
26005,allegan,mi,516.1
26007,alpena,mi,279.0
26009,antrim,mi,243.625
26011,arenac,mi,135.16666666666666
26013,baraga,mi,187.25
26015,barry,mi,257.875
26017,bay,mi,907.0
26019,benzie,mi,148.40833333333333
26021,berrien,mi,455.24782608695654
26023,branch,mi,415.6
26025,calhoun,mi,403.2
26027,cass,mi,416.4
26029,charlevoix,mi,167.27272727272728
26031,cheboygan,mi,137.66666666666666
26033,chippewa,mi,188.5
26035,clare,mi,269.3333333333333
26037,clinton,mi,369.70909090909095
26039,crawford,mi,370.0
26041,delta,mi,269.6666666666667
26043,dickinson,mi,310.0
26045,eaton,mi,550.9090909090909
26047,emmet,mi,167.46923076923076
26049,genesee,mi,651.7352941176471
26051,gladwin,mi,427.0
26053,gogebic,mi,103.2
26055,grand_traverse,mi,392.5
26057,gratiot,mi,450.5
26059,hillsdale,mi,260.39090909090913
26061,houghton,mi,555.58
26063,huron,mi,271.8333333333333
26065,ingham,mi,676.3333333333334
26067,ionia,mi,450.3
26069,iosco,mi,310.0
26071,iron,mi,108.5
26073,isabella,mi,332.0
26075,jackson,mi,386.0
26077,kalamazoo,mi,664.6153846153846
26079,kalkaska,mi,136.5
26081,kent,mi,766.0
26083,keweenaw,mi,83.475
26085,lake,mi,234.5
26087,lapeer,mi,352.5
26089,leelanau,mi,133.60999999999999
26091,lenawee,mi,393.35714285714283
26093,livingston,mi,538.8
26095,luce,mi,510.0
26097,mackinac,mi,199.5
26099,macomb,mi,1315.0666666666666
26101,manistee,mi,215.1833333333333
26103,marquette,mi,297.5833333333333
26105,mason,mi,297.0
26107,mecosta,mi,308.84999999999997
26109,menominee,mi,245.4
26111,midland,mi,371.0
26113,missaukee,mi,205.66666666666666
26115,monroe,mi,695.1875
26117,montcalm,mi,285.20000000000005
26119,montmorency,mi,92.75
26121,muskegon,mi,628.5833333333334
26123,newaygo,mi,380.5
26125,oakland,mi,1234.0
26127,oceana,mi,291.42857142857144
26129,ogemaw,mi,198.4
26131,ontonagon,mi,108.6
26133,osceola,mi,215.5
26135,oscoda,mi,71.0
26137,otsego,mi,232.0
26139,ottawa,mi,662.5
26141,presque_isle,mi,121.0
26143,roscommon,mi,224.0
26145,saginaw,mi,372.6666666666667
26147,st._clair,mi,659.1111111111111
26149,st._joseph,mi,418.25
26151,sanilac,mi,243.14285714285714
26153,schoolcraft,mi,352.0
26155,shiawassee,mi,403.2307692307692
26157,tuscola,mi,279.5833333333333
26159,van_buren,mi,381.3636363636364
26161,washtenaw,mi,886.75
26163,wayne,mi,1443.53125
26165,wexford,mi,186.75
27001,aitkin,mn,125.96666666666665
27003,anoka,mn,727.2190476190476
27005,becker,mn,176.85
27007,beltrami,mn,92.18181818181819
27009,benton,mn,317.4
27011,big_stone,mn,125.36250000000001
27013,blue_earth,mn,434.45
27015,brown,mn,316.4875
27017,carlton,mn,170.1818181818182
27019,carver,mn,492.93636363636364
27021,cass,mn,112.13333333333334
27023,chippewa,mn,253.42
27025,chisago,mn,229.3
27027,clay,mn,281.34166666666664
27029,clearwater,mn,143.14285714285714
27031,cook,mn,98.0
27033,cottonwood,mn,343.59999999999997
27035,crow_wing,mn,98.66666666666667
27037,dakota,mn,562.3
27039,dodge,mn,408.1666666666667
27041,douglas,mn,259.59999999999997
27043,faribault,mn,243.5
27045,fillmore,mn,253.85714285714286
27047,freeborn,mn,283.2692307692308
27049,goodhue,mn,263.90999999999997
27051,grant,mn,148.71428571428572
27053,hennepin,mn,950.2904761904762
27055,houston,mn,355.2857142857143
27057,hubbard,mn,120.4
27059,isanti,mn,342.25
27061,itasca,mn,75.71578947368421
27063,jackson,mn,207.03333333333333
27065,kanabec,mn,143.25
27067,kandiyohi,mn,276.0833333333333
27069,kittson,mn,94.14444444444445
27071,koochiching,mn,148.66666666666666
27073,lac_qui_parle,mn,210.47142857142856
27075,lake,mn,134.0
27077,lake_of_the_woods,mn,93.0
27079,le_sueur,mn,341.0888888888889
27081,lincoln,mn,201.98
27083,lyon,mn,234.23636363636362
27085,mcleod,mn,511.81111111111113
27087,mahnomen,mn,121.72999999999999
27089,marshall,mn,197.12727272727273
27091,martin,mn,267.5222222222222
27093,meeker,mn,285.0444444444445
27095,mille_lacs,mn,198.8111111111111
27097,morrison,mn,132.38125
27099,mower,mn,315.5066666666667
27101,murray,mn,159.35
27103,nicollet,mn,469.4
27105,nobles,mn,222.76666666666665
27107,norman,mn,270.8125
27109,olmsted,mn,425.775
27111,otter_tail,mn,157.815
27113,pennington,mn,234.9333333333333
27115,pine,mn,83.69285714285715
27117,pipestone,mn,145.525
27119,polk,mn,212.92666666666668
27121,pope,mn,160.73333333333332
27123,ramsey,mn,1124.2666666666667
27125,red_lake,mn,144.5
27127,redwood,mn,215.52
27129,renville,mn,286.6
27131,rice,mn,475.42857142857144
27133,rock,mn,215.42857142857142
27135,roseau,mn,174.16666666666666
27137,st._louis,mn,139.09259259259258
27139,scott,mn,636.8571428571429
27141,sherburne,mn,379.6
27143,sibley,mn,380.57142857142856
27145,stearns,mn,274.82413793103444
27147,steele,mn,485.25
27149,stevens,mn,250.84
27151,swift,mn,163.375
27153,todd,mn,191.11111111111111
27155,traverse,mn,183.25
27157,wabasha,mn,290.54
27159,wadena,mn,131.5
27161,waseca,mn,607.275
27163,washington,mn,564.8166666666667
27165,watonwan,mn,318.7375
27167,wilkin,mn,177.0375
27169,winona,mn,284.7307692307692
27171,wright,mn,423.5882352941176
27173,yellow_medicine,mn,164.075
28001,adams,ms,477.0
28003,alcorn,ms,110.4
28005,amite,ms,228.0
28007,attala,ms,243.75
28009,benton,ms,190.0
28011,bolivar,ms,308.87333333333333
28013,calhoun,ms,195.71428571428572
28015,carroll,ms,210.03333333333333
28017,chickasaw,ms,149.25
28019,choctaw,ms,208.0
28021,claiborne,ms,257.5
28023,clarke,ms,87.0
28025,clay,ms,194.0
28027,coahoma,ms,381.2285714285714
28029,copiah,ms,241.2
28031,covington,ms,143.33333333333334
28033,desoto,ms,392.7142857142857
28035,forrest,ms,322.0
28037,franklin,ms,213.66666666666666
28039,george,ms,186.0
28041,greene,ms,185.5
28043,grenada,ms,83.0
28045,hancock,ms,211.2
28047,harrison,ms,299.44444444444446
28049,hinds,ms,244.33333333333334
28051,holmes,ms,354.14285714285717
28053,humphreys,ms,424.475
28055,issaquena,ms,94.0
28057,itawamba,ms,129.33333333333334
28059,jackson,ms,314.07142857142856
28061,jasper,ms,38.75
28063,jefferson,ms,502.0
28065,jefferson_davis,ms,124.0
28067,jones,ms,166.2
28069,kemper,ms,122.5
28071,lafayette,ms,633.75
28073,lamar,ms,372.0
28075,lauderdale,ms,111.28571428571429
28077,lawrence,ms,183.0
28079,leake,ms,113.6
28081,lee,ms,234.71428571428572
28083,leflore,ms,291.1333333333333
28085,lincoln,ms,214.0
28087,lowndes,ms,266.3333333333333
28089,madison,ms,297.2
28091,marion,ms,204.5
28093,marshall,ms,165.0
28095,monroe,ms,141.75
28097,montgomery,ms,191.33333333333334
28099,neshoba,ms,94.5
28101,newton,ms,153.83333333333334
28103,noxubee,ms,249.33333333333334
28105,oktibbeha,ms,294.5
28107,panola,ms,416.5
28109,pearl_river,ms,291.0
28111,perry,ms,126.66666666666667
28113,pike,ms,316.25
28115,pontotoc,ms,88.5
28117,prentiss,ms,89.33333333333333
28119,quitman,ms,390.8333333333333
28121,rankin,ms,192.22222222222223
28123,scott,ms,111.5
28125,sharkey,ms,374.3333333333333
28127,simpson,ms,244.75
28129,smith,ms,75.4
28131,stone,ms,162.0
28133,sunflower,ms,441.57142857142856
28135,tallahatchie,ms,400.54
28137,tate,ms,226.5
28139,tippah,ms,132.6
28141,tishomingo,ms,127.16666666666667
28143,tunica,ms,512.25
28145,union,ms,102.66666666666667
28147,walthall,ms,233.0
28149,warren,ms,221.0
28151,washington,ms,392.91999999999996
28153,wayne,ms,74.66666666666667
28155,webster,ms,116.5
28157,wilkinson,ms,381.5
28159,winston,ms,182.0
28161,yalobusha,ms,160.0
28163,yazoo,ms,192.0
29001,adair,mo,219.08
29003,andrew,mo,234.925
29005,atchison,mo,290.24
29007,audrain,mo,234.425
29009,barry,mo,287.8857142857143
29011,barton,mo,162.55714285714288
29013,bates,mo,224.70999999999998
29015,benton,mo,338.75
29017,bollinger,mo,191.175
29019,boone,mo,306.8818181818182
29021,buchanan,mo,207.51666666666665
29023,butler,mo,368.65
29025,caldwell,mo,329.7857142857143
29027,callaway,mo,309.8666666666667
29029,camden,mo,136.625
29031,cape_girardeau,mo,253.76999999999998
29033,carroll,mo,222.68571428571428
29035,carter,mo,267.5
29037,cass,mo,275.87
29039,cedar,mo,246.525
29041,chariton,mo,157.725
29043,christian,mo,466.1111111111111
29045,clark,mo,188.68571428571428
29047,clay,mo,562.1949999999999
29049,clinton,mo,355.0
29051,cole,mo,223.8125
29053,cooper,mo,251.2875
29055,crawford,mo,288.93333333333334
29057,dade,mo,232.48333333333335
29059,dallas,mo,212.33333333333334
29061,daviess,mo,171.91111111111113
29063,dekalb,mo,233.12857142857143
29065,dent,mo,596.0
29067,douglas,mo,339.0
29069,dunklin,mo,342.53000000000003
29071,franklin,mo,344.34615384615387
29073,gasconade,mo,263.96666666666664
29075,gentry,mo,193.3166666666667
29077,greene,mo,468.375
29079,grundy,mo,151.2875
29081,harrison,mo,145.0375
29083,henry,mo,249.88888888888889
29085,hickory,mo,244.6
29087,holt,mo,132.88888888888889
29089,howard,mo,272.2
29091,howell,mo,175.0666666666667
29093,iron,mo,292.01666666666665
29095,jackson,mo,499.35555555555555
29097,jasper,mo,275.53636363636366
29099,jefferson,mo,409.60909090909087
29101,johnson,mo,367.77777777777777
29103,knox,mo,148.34285714285716
29105,laclede,mo,128.2
29107,lafayette,mo,278.03846153846155
29109,lawrence,mo,318.7
29111,lewis,mo,324.95
29113,lincoln,mo,359.72499999999997
29115,linn,mo,198.05
29117,livingston,mo,197.0
29119,mcdonald,mo,240.3125
29121,macon,mo,164.79000000000002
29123,madison,mo,228.33333333333334
29125,maries,mo,343.0
29127,marion,mo,432.5
29129,mercer,mo,230.13333333333333
29131,miller,mo,176.85
29133,mississippi,mo,372.76666666666665
29135,moniteau,mo,284.96
29137,monroe,mo,268.24
29139,montgomery,mo,176.98
29141,morgan,mo,228.4
29143,new_madrid,mo,252.5142857142857
29145,newton,mo,244.40526315789472
29147,nodaway,mo,194.7941176470588
29149,oregon,mo,291.6333333333333
29151,osage,mo,268.81666666666666
29153,ozark,mo,40.666666666666664
29155,pemiscot,mo,213.6909090909091
29157,perry,mo,166.64000000000001
29159,pettis,mo,382.34999999999997
29161,phelps,mo,275.0
29163,pike,mo,237.53000000000003
29165,platte,mo,408.94117647058823
29167,polk,mo,280.45
29169,pulaski,mo,310.8333333333333
29171,putnam,mo,109.58
29173,ralls,mo,310.0
29175,randolph,mo,264.5625
29177,ray,mo,175.84545454545454
29179,reynolds,mo,236.2
29181,ripley,mo,311.25
29183,st._charles,mo,434.6941176470588
29185,st._clair,mo,209.52857142857144
29186,ste._genevieve,mo,154.33333333333334
29187,st._francois,mo,374.0
29189,st._louis,mo,1279.8218749999999
29195,saline,mo,223.3272727272727
29197,schuyler,mo,217.6
29199,scotland,mo,152.35999999999999
29201,scott,mo,293.0076923076923
29203,shannon,mo,105.75
29205,shelby,mo,191.88333333333333
29207,stoddard,mo,412.88
29209,stone,mo,241.33
29211,sullivan,mo,135.72222222222223
29213,taney,mo,345.7888888888889
29215,texas,mo,226.25
29217,vernon,mo,154.8
29219,warren,mo,260.25
29221,washington,mo,321.7
29223,wayne,mo,333.75
29225,webster,mo,330.8
29227,worth,mo,91.42
29229,wright,mo,313.0
30001,beaverhead,mt,350.3333333333333
30003,big_horn,mt,108.87777777777778
30005,blaine,mt,303.1666666666667
30007,broadwater,mt,100.94285714285715
30009,carbon,mt,162.95454545454547
30011,carter,mt,82.5
30013,cascade,mt,187.04
30015,chouteau,mt,127.375
30017,custer,mt,961.0
30019,daniels,mt,304.9
30021,dawson,mt,323.59999999999997
30025,fallon,mt,427.0
30027,fergus,mt,132.44285714285715
30029,flathead,mt,178.79473684210527
30031,gallatin,mt,301.5222222222222
30033,garfield,mt,360.5
30035,glacier,mt,319.53333333333336
30037,golden_valley,mt,101.5
30039,granite,mt,212.33333333333334
30041,hill,mt,99.32941176470588
30043,jefferson,mt,114.22222222222223
30045,judith_basin,mt,114.89999999999999
30047,lake,mt,134.09565217391304
30049,lewis_and_clark,mt,142.6
30051,liberty,mt,463.0
30053,lincoln,mt,150.23076923076923
30055,mccone,mt,253.0
30057,madison,mt,159.74285714285716
30059,meagher,mt,199.0
30061,mineral,mt,167.0
30063,missoula,mt,220.26666666666668
30065,musselshell,mt,119.2
30067,park,mt,75.77692307692307
30069,petroleum,mt,78.0
30071,phillips,mt,200.54
30073,pondera,mt,221.4
30075,powder_river,mt,143.3
30077,powell,mt,151.0
30079,prairie,mt,143.5
30081,ravalli,mt,499.77777777777777
30083,richland,mt,278.0
30085,roosevelt,mt,437.26666666666665
30087,rosebud,mt,134.66666666666666
30089,sanders,mt,126.22307692307693
30091,sheridan,mt,136.63333333333333
30093,silver_bow,mt,109.0
30095,stillwater,mt,294.75
30097,sweet_grass,mt,401.5
30099,teton,mt,274.91999999999996
30101,toole,mt,105.95
30103,treasure,mt,20.6
30105,valley,mt,194.1142857142857
30107,wheatland,mt,273.6333333333333
30109,wibaux,mt,206.0
30111,yellowstone,mt,374.56666666666666
31001,adams,ne,277.9142857142857
31003,antelope,ne,294.2285714285714
31005,arthur,ne,89.1
31007,banner,ne,4.0
31009,blaine,ne,67.85
31011,boone,ne,250.70000000000002
31013,box_butte,ne,350.3333333333333
31015,boyd,ne,122.02857142857144
31017,brown,ne,278.3333333333333
31019,buffalo,ne,348.5333333333333
31021,burt,ne,367.26
31023,butler,ne,159.36666666666667
31025,cass,ne,373.12
31027,cedar,ne,202.54999999999998
31029,chase,ne,160.38000000000002
31031,cherry,ne,96.35
31033,cheyenne,ne,151.37142857142857
31035,clay,ne,279.54
31037,colfax,ne,349.48333333333335
31039,cuming,ne,455.8
31041,custer,ne,244.47272727272727
31043,dakota,ne,402.8
31045,dawes,ne,302.1666666666667
31047,dawson,ne,318.4
31049,deuel,ne,422.0
31051,dixon,ne,270.87
31053,dodge,ne,409.68999999999994
31055,douglas,ne,650.875
31057,dundy,ne,137.725
31059,fillmore,ne,204.67499999999998
31061,franklin,ne,186.62857142857143
31063,frontier,ne,194.84
31065,furnas,ne,230.3375
31067,gage,ne,194.39999999999998
31069,garden,ne,261.7
31071,garfield,ne,447.0
31073,gosper,ne,263.0
31075,grant,ne,122.0
31077,greeley,ne,264.35
31079,hall,ne,559.8
31081,hamilton,ne,252.3
31083,harlan,ne,180.78333333333333
31085,hayes,ne,145.6
31087,hitchcock,ne,290.5
31089,holt,ne,234.9625
31091,hooker,ne,427.0
31093,howard,ne,220.2875
31095,jefferson,ne,190.52222222222224
31097,johnson,ne,321.82
31099,kearney,ne,341.2
31101,keith,ne,138.60000000000002
31103,keya_paha,ne,132.0
31105,kimball,ne,215.63333333333333
31107,knox,ne,235.8166666666667
31109,lancaster,ne,362.88666666666666
31111,lincoln,ne,318.59999999999997
31113,logan,ne,203.55
31115,loup,ne,203.3
31117,mcpherson,ne,25.0
31119,madison,ne,647.3833333333333
31121,merrick,ne,198.36666666666667
31123,morrill,ne,450.6333333333334
31125,nance,ne,350.6333333333334
31127,nemaha,ne,256.74285714285713
31129,nuckolls,ne,171.85714285714286
31131,otoe,ne,264.42727272727274
31133,pawnee,ne,132.48333333333335
31135,perkins,ne,236.0
31137,phelps,ne,275.76
31139,pierce,ne,348.4166666666667
31141,platte,ne,327.87
31143,polk,ne,368.25
31145,red_willow,ne,200.95999999999998
31147,richardson,ne,133.93
31149,rock,ne,349.15
31151,saline,ne,458.1625
31153,sarpy,ne,755.1222222222223
31155,saunders,ne,373.2625
31157,scotts_bluff,ne,558.62
31159,seward,ne,341.28181818181815
31161,sheridan,ne,370.975
31163,sherman,ne,187.8
31165,sioux,ne,184.6
31167,stanton,ne,311.59999999999997
31169,thayer,ne,197.85454545454547
31171,thomas,ne,79.83333333333333
31173,thurston,ne,485.01666666666665
31175,valley,ne,233.8
31177,washington,ne,406.2142857142857
31179,wayne,ne,323.9
31181,webster,ne,223.38333333333333
31183,wheeler,ne,85.85
31185,york,ne,270.2444444444444
32001,churchill,nv,485.5
32003,clark,nv,799.5500000000001
32005,douglas,nv,136.0952380952381
32007,elko,nv,105.04545454545455
32009,esmeralda,nv,49.333333333333336
32011,eureka,nv,102.5
32013,humboldt,nv,61.800000000000004
32015,lander,nv,94.66666666666667
32017,lincoln,nv,54.666666666666664
32019,lyon,nv,64.57142857142857
32021,mineral,nv,188.75
32023,nye,nv,43.25
32027,pershing,nv,212.5
32029,storey,nv,294.0
32031,washoe,nv,263.88235294117646
32033,white_pine,nv,173.41666666666666
32510,carson_city,nv,147.0
33001,belknap,nh,333.0
33003,carroll,nh,122.58
33005,cheshire,nh,241.33333333333334
33007,coos,nh,145.33333333333334
33009,grafton,nh,140.6
33011,hillsborough,nh,731.6
33013,merrimack,nh,249.23333333333335
33015,rockingham,nh,547.0
33017,strafford,nh,400.6666666666667
33019,sullivan,nh,116.0
34001,atlantic,nj,687.45
34003,bergen,nj,2142.95
34005,burlington,nj,910.3176470588235
34007,camden,nj,1563.5945945945946
34009,cape_may,nj,463.1190476190476
34011,cumberland,nj,240.55555555555554
34013,essex,nj,2812.745454545455
34015,gloucester,nj,1017.7222222222222
34017,hudson,nj,10501.68
34019,hunterdon,nj,639.4545454545455
34021,mercer,nj,1350.5833333333333
34023,middlesex,nj,1766.5625
34025,monmouth,nj,1379.1614035087719
34027,morris,nj,1103.2809523809524
34029,ocean,nj,871.6511627906976
34031,passaic,nj,2755.846153846154
34033,salem,nj,702.657142857143
34035,somerset,nj,813.1969696969697
34037,sussex,nj,591.5833333333334
34039,union,nj,2319.692857142857
34041,warren,nj,381.7866666666667
35001,bernalillo,nm,366.22222222222223
35003,catron,nm,45.666666666666664
35005,chaves,nm,351.4
35006,cibola,nm,56.72727272727273
35007,colfax,nm,136.14285714285714
35009,curry,nm,299.64
35011,de_baca,nm,75.55
35013,do√±a_ana,nm,333.1363636363636
35015,eddy,nm,213.1727272727273
35017,grant,nm,161.395
35019,guadalupe,nm,53.21666666666667
35021,harding,nm,24.5
35023,hidalgo,nm,40.8125
35025,lea,nm,209.125
35027,lincoln,nm,117.5
35028,los_alamos,nm,385.0
35029,luna,nm,102.66
35031,mckinley,nm,95.9375
35033,mora,nm,106.0
35035,otero,nm,102.86
35037,quay,nm,60.36
35039,rio_arriba,nm,91.6625
35041,roosevelt,nm,135.4
35043,sandoval,nm,169.89473684210526
35045,san_juan,nm,98.70370370370371
35047,san_miguel,nm,122.41666666666667
35049,santa_fe,nm,116.7741935483871
35051,sierra,nm,86.96666666666667
35053,socorro,nm,75.51428571428572
35055,taos,nm,140.8
35057,torrance,nm,65.93636363636364
35059,union,nm,52.58
35061,valencia,nm,205.95238095238096
36001,albany,ny,1091.8
36003,allegany,ny,210.83333333333334
36007,broome,ny,1204.0
36009,cattaraugus,ny,339.0
36011,cayuga,ny,464.1666666666667
36013,chautauqua,ny,455.0
36015,chemung,ny,479.7
36017,chenango,ny,1204.0
36019,clinton,ny,288.9
36021,columbia,ny,345.0
36023,cortland,ny,586.4
36025,delaware,ny,184.95714285714286
36027,dutchess,ny,750.8181818181819
36029,erie,ny,1006.0
36031,essex,ny,280.0
36033,franklin,ny,430.0
36035,fulton,ny,617.3333333333334
36037,genesee,ny,702.5
36039,greene,ny,174.0
36041,hamilton,ny,3.0
36043,herkimer,ny,503.1666666666667
36045,jefferson,ny,238.44333333333333
36047,kings,ny,15200.0
36049,lewis,ny,237.9
36051,livingston,ny,139.4090909090909
36053,madison,ny,454.8333333333333
36055,monroe,ny,1244.7
36057,montgomery,ny,437.03999999999996
36059,nassau,ny,2188.116
36061,new_york,ny,28653.0
36063,niagara,ny,548.0
36065,oneida,ny,589.3888888888889
36067,onondaga,ny,1049.55
36069,ontario,ny,420.0
36071,orange,ny,917.7900000000001
36073,orleans,ny,569.75
36075,oswego,ny,875.03
36077,otsego,ny,373.0
36079,putnam,ny,834.4285714285714
36081,queens,ny,8503.0
36083,rensselaer,ny,646.3
36085,richmond,ny,3286.0
36087,rockland,ny,1533.9441176470589
36089,st._lawrence,ny,195.1
36091,saratoga,ny,965.25
36093,schenectady,ny,800.0
36095,schoharie,ny,54.5
36097,schuyler,ny,292.6666666666667
36099,seneca,ny,503.8
36101,steuben,ny,616.38
36103,suffolk,ny,798.5123188405797
36105,sullivan,ny,223.42857142857142
36107,tioga,ny,288.0
36109,tompkins,ny,627.6
36111,ulster,ny,311.7857142857143
36113,warren,ny,384.42857142857144
36115,washington,ny,1464.0
36117,wayne,ny,201.2
36119,westchester,ny,1443.4347826086957
36121,wyoming,ny,140.75
36123,yates,ny,616.5
37001,alamance,nc,480.38461538461536
37003,alexander,nc,204.0
37005,alleghany,nc,308.0
37007,anson,nc,207.57142857142858
37009,ashe,nc,240.76666666666665
37011,avery,nc,227.8
37013,beaufort,nc,302.65999999999997
37015,bertie,nc,205.8375
37017,bladen,nc,189.5
37019,brunswick,nc,211.94736842105263
37021,buncombe,nc,412.0
37023,burke,nc,262.9
37025,cabarrus,nc,414.4
37027,caldwell,nc,290.25
37029,camden,nc,153.5
37031,carteret,nc,245.94117647058823
37033,caswell,nc,197.0
37035,catawba,nc,316.4
37037,chatham,nc,289.8333333333333
37039,cherokee,nc,301.0
37041,chowan,nc,333.0
37043,clay,nc,234.0
37045,cleveland,nc,208.625
37047,columbus,nc,194.28571428571428
37049,craven,nc,310.4166666666667
37051,cumberland,nc,253.8
37053,currituck,nc,182.5
37055,dare,nc,153.06666666666666
37057,davidson,nc,255.625
37059,davie,nc,315.75
37061,duplin,nc,338.27272727272725
37063,durham,nc,373.3333333333333
37065,edgecombe,nc,262.2714285714286
37067,forsyth,nc,420.0
37069,franklin,nc,342.1666666666667
37071,gaston,nc,472.5833333333333
37073,gates,nc,133.0
37075,graham,nc,291.3
37077,granville,nc,297.8
37079,greene,nc,338.625
37081,guilford,nc,342.9166666666667
37083,halifax,nc,358.4
37085,harnett,nc,398.875
37087,haywood,nc,400.0
37089,henderson,nc,280.3529411764706
37091,hertford,nc,240.48333333333335
37093,hoke,nc,164.85714285714286
37095,hyde,nc,27.5
37097,iredell,nc,278.6
37099,jackson,nc,238.14285714285714
37101,johnston,nc,447.09090909090907
37103,jones,nc,288.46666666666664
37105,lee,nc,413.5
37107,lenoir,nc,396.0
37109,lincoln,nc,278.2
37111,mcdowell,nc,343.6666666666667
37113,macon,nc,191.5
37115,madison,nc,240.66666666666666
37117,martin,nc,195.1888888888889
37119,mecklenburg,nc,716.8571428571429
37121,mitchell,nc,270.5
37123,montgomery,nc,297.6
37125,moore,nc,249.5
37127,nash,nc,291.0
37129,new_hanover,nc,602.2777777777778
37131,northampton,nc,207.33333333333334
37133,onslow,nc,421.44444444444446
37135,orange,nc,758.75
37137,pamlico,nc,114.4
37139,pasquotank,nc,584.0
37141,pender,nc,124.375
37143,perquimans,nc,211.5
37145,person,nc,457.0
37147,pitt,nc,402.94615384615383
37149,polk,nc,198.66666666666666
37151,randolph,nc,324.77777777777777
37153,richmond,nc,301.75
37155,robeson,nc,192.77727272727273
37157,rockingham,nc,252.71428571428572
37159,rowan,nc,390.2
37161,rutherford,nc,233.8181818181818
37163,sampson,nc,148.30666666666667
37165,scotland,nc,334.5875
37167,stanly,nc,185.91666666666666
37169,stokes,nc,238.0
37171,surry,nc,243.57142857142858
37173,swain,nc,314.0
37175,transylvania,nc,580.0
37177,tyrrell,nc,215.0
37179,union,nc,553.4285714285714
37181,vance,nc,327.25
37183,wake,nc,834.3333333333334
37185,warren,nc,279.6666666666667
37187,washington,nc,259.3333333333333
37189,watauga,nc,230.14285714285714
37191,wayne,nc,319.13
37193,wilkes,nc,181.4
37195,wilson,nc,400.40000000000003
37197,yadkin,nc,346.75
37199,yancey,nc,490.0
38001,adams,nd,146.725
38003,barnes,nd,110.71538461538461
38005,benson,nd,101.51
38007,billings,nd,139.0
38009,bottineau,nd,153.13333333333333
38011,bowman,nd,144.5
38013,burke,nd,104.03333333333335
38015,burleigh,nd,499.0
38017,cass,nd,231.11111111111111
38019,cavalier,nd,68.325
38021,dickey,nd,156.98333333333332
38023,divide,nd,107.45
38025,dunn,nd,257.25
38027,eddy,nd,233.25
38029,emmons,nd,182.35999999999999
38031,foster,nd,118.125
38033,golden_valley,nd,83.13333333333334
38035,grand_forks,nd,340.66999999999996
38037,grant,nd,87.66
38039,griggs,nd,164.88
38041,hettinger,nd,337.6666666666667
38043,kidder,nd,170.70000000000002
38045,lamoure,nd,128.5375
38047,logan,nd,152.73333333333332
38049,mchenry,nd,123.39166666666667
38051,mcintosh,nd,155.24
38053,mckenzie,nd,121.35000000000001
38055,mclean,nd,210.73333333333335
38057,mercer,nd,312.93333333333334
38059,morton,nd,228.71428571428572
38061,mountrail,nd,138.78571428571428
38063,nelson,nd,91.98333333333333
38065,oliver,nd,541.0
38067,pembina,nd,208.20999999999998
38069,pierce,nd,146.625
38071,ramsey,nd,56.34285714285714
38073,ransom,nd,119.47142857142856
38075,renville,nd,187.94
38077,richland,nd,198.1
38079,rolette,nd,186.875
38081,sargent,nd,114.9375
38083,sheridan,nd,59.6
38085,sioux,nd,199.6
38087,slope,nd,18.0
38089,stark,nd,239.35
38091,steele,nd,69.3
38093,stutsman,nd,112.08181818181819
38095,towner,nd,175.24
38097,traill,nd,291.9875
38099,walsh,nd,130.66923076923078
38101,ward,nd,214.10714285714286
38103,wells,nd,177.12857142857143
38105,williams,nd,116.29
39001,adams,oh,337.0625
39003,allen,oh,548.53
39005,ashland,oh,318.0090909090909
39007,ashtabula,oh,297.7692307692308
39009,athens,oh,373.47333333333336
39011,auglaize,oh,441.5181818181818
39013,belmont,oh,539.2578947368421
39015,brown,oh,298.5
39017,butler,oh,644.661111111111
39019,carroll,oh,403.84999999999997
39021,champaign,oh,409.975
39023,clark,oh,655.4285714285714
39025,clermont,oh,611.8111111111111
39027,clinton,oh,451.0375
39029,columbiana,oh,361.115
39031,coshocton,oh,421.5375
39033,crawford,oh,312.17777777777775
39035,cuyahoga,oh,988.7732142857143
39037,darke,oh,391.67777777777775
39039,defiance,oh,416.3333333333333
39041,delaware,oh,469.125
39043,erie,oh,442.4
39045,fairfield,oh,537.9599999999999
39047,fayette,oh,256.5857142857143
39049,franklin,oh,1030.325
39051,fulton,oh,356.4125
39053,gallia,oh,211.08333333333334
39055,geauga,oh,297.0285714285714
39057,greene,oh,606.525
39059,guernsey,oh,316.4166666666667
39061,hamilton,oh,968.3716049382717
39063,hancock,oh,431.28999999999996
39065,hardin,oh,434.3888888888889
39067,harrison,oh,279.49
39069,henry,oh,307.8
39071,highland,oh,398.34000000000003
39073,hocking,oh,313.4857142857143
39075,holmes,oh,316.84444444444443
39077,huron,oh,390.3
39079,jackson,oh,364.5
39081,jefferson,oh,388.21666666666664
39083,knox,oh,459.34
39085,lake,oh,818.9684210526316
39087,lawrence,oh,577.925
39089,licking,oh,354.1714285714286
39091,logan,oh,367.4066666666667
39093,lorain,oh,569.7222222222222
39095,lucas,oh,597.4454545454545
39097,madison,oh,418.55
39099,mahoning,oh,602.9230769230769
39101,marion,oh,482.475
39103,medina,oh,668.325
39105,meigs,oh,329.0
39107,mercer,oh,492.4777777777778
39109,miami,oh,579.8666666666667
39111,monroe,oh,145.70000000000002
39113,montgomery,oh,673.725
39115,morgan,oh,378.15
39117,morrow,oh,262.5
39119,muskingum,oh,432.12142857142857
39121,noble,oh,297.75
39123,ottawa,oh,425.7
39125,paulding,oh,321.24
39127,perry,oh,488.7230769230769
39129,pickaway,oh,428.67272727272723
39131,pike,oh,332.025
39133,portage,oh,437.59999999999997
39135,preble,oh,497.675
39137,putnam,oh,285.85625
39139,richland,oh,366.875
39141,ross,oh,547.6111111111111
39143,sandusky,oh,285.03333333333336
39145,scioto,oh,275.42
39147,seneca,oh,338.1615384615385
39149,shelby,oh,381.46666666666664
39151,stark,oh,575.7280000000001
39153,summit,oh,557.1518518518519
39155,trumbull,oh,402.962962962963
39157,tuscarawas,oh,440.8095238095238
39159,union,oh,488.65714285714284
39161,van_wert,oh,303.0222222222222
39163,vinton,oh,362.35
39165,warren,oh,538.8222222222222
39167,washington,oh,447.0357142857143
39169,wayne,oh,419.9166666666667
39171,williams,oh,317.88461538461536
39173,wood,oh,417.7192307692308
39175,wyandot,oh,269.9625
40001,adair,ok,72.42380952380952
40003,alfalfa,ok,226.5818181818182
40005,atoka,ok,105.8
40007,beaver,ok,237.8
40009,beckham,ok,176.83333333333334
40011,blaine,ok,195.73333333333335
40013,bryan,ok,191.65
40015,caddo,ok,338.7384615384616
40017,canadian,ok,242.33333333333334
40019,carter,ok,67.55555555555556
40021,cherokee,ok,59.05263157894737
40023,choctaw,ok,164.9
40025,cimarron,ok,105.05
40027,cleveland,ok,331.1666666666667
40029,coal,ok,196.98
40031,comanche,ok,278.2
40033,cotton,ok,173.0
40035,craig,ok,211.33333333333334
40037,creek,ok,212.275
40039,custer,ok,394.8333333333333
40041,delaware,ok,73.26923076923077
40043,dewey,ok,284.1142857142857
40045,ellis,ok,319.0
40047,garfield,ok,205.14
40049,garvin,ok,317.2625
40051,grady,ok,158.04166666666666
40053,grant,ok,155.46666666666667
40055,greer,ok,315.56666666666666
40057,harmon,ok,274.5
40059,harper,ok,304.05
40061,haskell,ok,231.6
40063,hughes,ok,137.0818181818182
40065,jackson,ok,235.06666666666666
40067,jefferson,ok,189.075
40069,johnston,ok,186.075
40071,kay,ok,249.6375
40073,kingfisher,ok,312.91999999999996
40075,kiowa,ok,271.625
40077,latimer,ok,259.5
40079,le_flore,ok,162.83333333333334
40081,lincoln,ok,153.55384615384617
40083,logan,ok,161.875
40085,love,ok,198.63333333333333
40087,mcclain,ok,106.57000000000001
40089,mccurtain,ok,138.5
40091,mcintosh,ok,83.5625
40093,major,ok,185.67142857142858
40095,marshall,ok,242.75
40097,mayes,ok,153.0909090909091
40099,murray,ok,161.2
40101,muskogee,ok,134.43529411764706
40103,noble,ok,218.41666666666666
40105,nowata,ok,303.26666666666665
40107,okfuskee,ok,221.7375
40109,oklahoma,ok,670.56
40111,okmulgee,ok,226.94444444444446
40113,osage,ok,245.99285714285716
40115,ottawa,ok,246.88000000000002
40117,pawnee,ok,170.42000000000002
40119,payne,ok,363.5
40121,pittsburg,ok,162.44
40123,pontotoc,ok,256.7142857142857
40125,pottawatomie,ok,127.08
40127,pushmataha,ok,115.5
40129,roger_mills,ok,176.5
40131,rogers,ok,184.86666666666667
40133,seminole,ok,173.77142857142857
40135,sequoyah,ok,95.2
40137,stephens,ok,124.925
40139,texas,ok,449.07142857142856
40141,tillman,ok,188.34285714285716
40143,tulsa,ok,432.825
40145,wagoner,ok,203.16666666666666
40147,washington,ok,383.8333333333333
40149,washita,ok,332.53000000000003
40151,woods,ok,247.75
40153,woodward,ok,302.5
41001,baker,or,213.71428571428572
41003,benton,or,553.375
41005,clackamas,or,1072.804761904762
41007,clatsop,or,378.2857142857143
41009,columbia,or,498.1333333333333
41011,coos,or,524.7
41013,crook,or,313.0
41015,curry,or,289.6666666666667
41017,deschutes,or,293.92857142857144
41019,douglas,or,441.45652173913044
41021,gilliam,or,145.33333333333334
41023,grant,or,185.65555555555557
41025,harney,or,199.66666666666666
41027,hood_river,or,439.2
41029,jackson,or,811.3529411764706
41031,jefferson,or,451.8
41033,josephine,or,255.9
41035,klamath,or,471.0
41037,lake,or,164.8
41039,lane,or,769.0666666666666
41041,lincoln,or,395.1111111111111
41043,linn,or,424.1363636363636
41045,malheur,or,298.0222222222222
41047,marion,or,1060.7692307692307
41049,morrow,or,331.4
41051,multnomah,or,1653.6833333333334
41053,polk,or,834.8333333333334
41055,sherman,or,169.25
41057,tillamook,or,259.8666666666667
41059,umatilla,or,358.80526315789473
41061,union,or,464.7375
41063,wallowa,or,356.84000000000003
41065,wasco,or,209.33333333333334
41067,washington,or,1764.0
41069,wheeler,or,119.43333333333334
41071,yamhill,or,1202.5
42001,adams,pa,640.3333333333334
42003,allegheny,pa,1267.6617021276595
42005,armstrong,pa,668.491304347826
42007,beaver,pa,618.6
42009,bedford,pa,371.4818181818182
42011,berks,pa,965.5865853658537
42013,blair,pa,679.8882352941176
42015,bradford,pa,427.57142857142856
42017,bucks,pa,1197.1647058823528
42019,butler,pa,498.7931034482759
42021,cambria,pa,558.9119047619048
42023,cameron,pa,547.0
42025,carbon,pa,422.8
42027,centre,pa,475.2815789473684
42029,chester,pa,1154.9689655172413
42031,clarion,pa,374.63125
42033,clearfield,pa,328.09615384615387
42035,clinton,pa,596.3636363636364
42037,columbia,pa,275.22222222222223
42039,crawford,pa,256.4555555555556
42041,cumberland,pa,1334.072222222222
42043,dauphin,pa,1070.4966666666667
42045,delaware,pa,2622.1805555555557
42047,elk,pa,231.73333333333332
42049,erie,pa,666.7866666666666
42051,fayette,pa,506.9594594594595
42053,forest,pa,225.0
42055,franklin,pa,594.7066666666667
42057,fulton,pa,370.70000000000005
42059,greene,pa,355.5684210526316
42061,huntingdon,pa,335.0444444444445
42063,indiana,pa,357.6157894736842
42065,jefferson,pa,358.01666666666665
42067,juniata,pa,529.9
42069,lackawanna,pa,519.2380952380952
42071,lancaster,pa,632.5098039215686
42073,lawrence,pa,461.7875
42075,lebanon,pa,738.5833333333334
42077,lehigh,pa,1175.9360000000001
42079,luzerne,pa,679.0086206896551
42081,lycoming,pa,860.8461538461538
42083,mckean,pa,400.0
42085,mercer,pa,435.15625
42087,mifflin,pa,376.444
42089,monroe,pa,454.46666666666664
42091,montgomery,pa,1572.3686274509805
42093,montour,pa,690.75
42095,northampton,pa,1078.0884615384616
42097,northumberland,pa,865.4363636363636
42099,perry,pa,515.3666666666667
42101,philadelphia,pa,4544.0
42103,pike,pa,312.3076923076923
42105,potter,pa,160.8
42107,schuylkill,pa,540.0034482758621
42109,snyder,pa,353.12
42111,somerset,pa,279.23333333333335
42113,sullivan,pa,105.33333333333333
42115,susquehanna,pa,332.25
42117,tioga,pa,322.44444444444446
42119,union,pa,622.3
42121,venango,pa,257.15384615384613
42123,warren,pa,352.4125
42125,washington,pa,456.85
42127,wayne,pa,221.1818181818182
42129,westmoreland,pa,705.3854545454545
42131,wyoming,pa,360.05
42133,york,pa,983.0999999999999
44003,kent,ri,479.0
44005,newport,ri,795.0
44007,providence,ri,1571.642857142857
44009,washington,ri,301.9
45001,abbeville,sc,158.71428571428572
45003,aiken,sc,329.53333333333336
45005,allendale,sc,158.25
45007,anderson,sc,440.35714285714283
45009,bamberg,sc,180.6
45011,barnwell,sc,92.28571428571429
45013,beaufort,sc,334.57142857142856
45015,berkeley,sc,492.90909090909093
45017,calhoun,sc,261.5
45019,charleston,sc,308.6875
45021,cherokee,sc,470.6666666666667
45023,chester,sc,340.85714285714283
45025,chesterfield,sc,188.25
45027,clarendon,sc,244.2
45029,colleton,sc,86.75
45031,darlington,sc,276.1666666666667
45033,dillon,sc,399.3333333333333
45035,dorchester,sc,408.2
45037,edgefield,sc,296.75
45039,fairfield,sc,234.225
45041,florence,sc,326.0
45043,georgetown,sc,389.25
45045,greenville,sc,687.4761904761905
45047,greenwood,sc,218.88888888888889
45049,hampton,sc,145.75
45051,horry,sc,527.3642857142858
45053,jasper,sc,38.5
45055,kershaw,sc,136.5
45057,lancaster,sc,283.4
45059,laurens,sc,162.0
45061,lee,sc,324.0
45063,lexington,sc,358.5
45065,mccormick,sc,83.01666666666667
45067,marion,sc,308.0
45069,marlboro,sc,260.0
45071,newberry,sc,198.82857142857142
45073,oconee,sc,264.15
45075,orangeburg,sc,222.89499999999998
45077,pickens,sc,433.625
45079,richland,sc,575.25
45081,saluda,sc,226.0
45083,spartanburg,sc,335.82758620689657
45085,sumter,sc,224.2941176470588
45087,union,sc,275.8333333333333
45089,williamsburg,sc,182.2
45091,york,sc,386.3333333333333
46003,aurora,sd,267.5
46005,beadle,sd,199.98
46007,bennett,sd,430.5
46009,bon_homme,sd,340.73333333333335
46011,brookings,sd,341.8125
46013,brown,sd,169.7
46015,brule,sd,141.0
46017,buffalo,sd,28.9
46019,butte,sd,186.26
46021,campbell,sd,102.55
46023,charles_mix,sd,238.71428571428572
46025,clark,sd,121.31428571428572
46027,clay,sd,403.1333333333334
46029,codington,sd,162.81666666666666
46031,corson,sd,178.13333333333333
46033,custer,sd,187.2
46035,davison,sd,418.8
46037,day,sd,168.54999999999998
46039,deuel,sd,170.225
46041,dewey,sd,105.2
46043,douglas,sd,164.5
46045,edmunds,sd,184.675
46047,fall_river,sd,149.7
46049,faulk,sd,82.8
46051,grant,sd,149.46666666666667
46053,gregory,sd,236.14000000000001
46055,haakon,sd,308.8
46057,hamlin,sd,239.1833333333333
46059,hand,sd,270.85
46061,hanson,sd,246.475
46063,harding,sd,117.9
46065,hughes,sd,272.6666666666667
46067,hutchinson,sd,248.625
46069,hyde,sd,170.0
46071,jackson,sd,119.66666666666667
46073,jerauld,sd,99.0
46075,jones,sd,148.0
46077,kingsbury,sd,131.06666666666666
46079,lake,sd,165.04999999999998
46081,lawrence,sd,256.2142857142857
46083,lincoln,sd,486.2
46085,lyman,sd,155.9
46087,mccook,sd,310.36
46089,mcpherson,sd,164.3
46091,marshall,sd,401.46000000000004
46093,meade,sd,290.6666666666667
46095,mellette,sd,163.625
46097,miner,sd,88.9
46099,minnehaha,sd,415.6333333333333
46101,moody,sd,213.25
46103,pennington,sd,215.9
46105,perkins,sd,233.5
46107,potter,sd,125.575
46109,roberts,sd,220.74
46111,sanborn,sd,183.33333333333334
46115,spink,sd,168.20000000000002
46117,stanley,sd,307.0
46119,sully,sd,158.96666666666667
46121,todd,sd,201.5888888888889
46123,tripp,sd,209.83333333333334
46125,turner,sd,326.125
46127,union,sd,426.14285714285717
46129,walworth,sd,182.9
46135,yankton,sd,372.95
46137,ziebach,sd,445.5
47001,anderson,tn,180.2
47003,bedford,tn,293.21999999999997
47005,benton,tn,212.33333333333334
47007,bledsoe,tn,389.0
47009,blount,tn,268.8888888888889
47011,bradley,tn,352.6666666666667
47013,campbell,tn,268.0
47015,cannon,tn,390.5
47017,carroll,tn,203.0
47019,carter,tn,291.6666666666667
47021,cheatham,tn,137.5
47023,chester,tn,173.5
47025,claiborne,tn,211.375
47027,clay,tn,417.0
47029,cocke,tn,325.5
47031,coffee,tn,179.6
47033,crockett,tn,295.8
47035,cumberland,tn,128.66666666666666
47037,davidson,tn,305.25
47039,decatur,tn,233.5
47041,dekalb,tn,200.0
47043,dickson,tn,190.66666666666666
47045,dyer,tn,370.3333333333333
47047,fayette,tn,107.88888888888889
47049,fentress,tn,111.75
47051,franklin,tn,254.0
47053,gibson,tn,282.7
47055,giles,tn,203.66
47057,grainger,tn,127.33333333333333
47059,greene,tn,208.5
47061,grundy,tn,61.125
47063,hamblen,tn,417.0
47065,hamilton,tn,388.84736842105264
47067,hancock,tn,268.0
47069,hardeman,tn,205.41111111111113
47071,hardin,tn,160.0
47073,hawkins,tn,256.5
47075,haywood,tn,390.0
47077,henderson,tn,93.33333333333333
47079,henry,tn,214.025
47081,hickman,tn,156.0
47083,houston,tn,151.0
47085,humphreys,tn,234.33333333333334
47087,jackson,tn,141.0
47089,jefferson,tn,255.8
47091,johnson,tn,236.0
47093,knox,tn,479.6666666666667
47095,lake,tn,484.5
47097,lauderdale,tn,226.75
47099,lawrence,tn,167.0
47101,lewis,tn,274.0
47103,lincoln,tn,189.0
47105,loudon,tn,226.2
47107,mcminn,tn,270.6666666666667
47109,mcnairy,tn,100.22222222222223
47111,macon,tn,387.5
47113,madison,tn,227.33333333333334
47115,marion,tn,111.57142857142857
47117,marshall,tn,200.0
47119,maury,tn,305.0
47121,meigs,tn,163.0
47123,monroe,tn,226.5
47125,montgomery,tn,606.0
47127,moore,tn,19.0
47129,morgan,tn,153.6
47131,obion,tn,278.675
47133,overton,tn,240.0
47135,perry,tn,270.0
47137,pickett,tn,291.0
47139,polk,tn,114.66666666666667
47141,putnam,tn,334.0
47143,rhea,tn,405.0
47145,roane,tn,226.75
47147,robertson,tn,205.875
47149,rutherford,tn,395.1666666666667
47151,scott,tn,78.0
47153,sequatchie,tn,129.5
47155,sevier,tn,185.0
47157,shelby,tn,490.57142857142856
47159,smith,tn,219.0
47161,stewart,tn,96.0
47163,sullivan,tn,333.57142857142856
47165,sumner,tn,186.73333333333332
47167,tipton,tn,233.25
47171,unicoi,tn,341.0
47173,union,tn,137.33333333333334
47175,van_buren,tn,81.0
47177,warren,tn,221.65
47179,washington,tn,343.42857142857144
47181,wayne,tn,188.0
47183,weakley,tn,276.8
47185,white,tn,233.5
47187,williamson,tn,357.0
47189,wilson,tn,483.0
48001,anderson,tx,299.3333333333333
48003,andrews,tx,513.0
48005,angelina,tx,278.7142857142857
48007,aransas,tx,201.5
48009,archer,tx,238.33333333333334
48011,armstrong,tx,305.0
48013,atascosa,tx,320.57142857142856
48015,austin,tx,258.8333333333333
48017,bailey,tx,625.0
48019,bandera,tx,146.33333333333334
48021,bastrop,tx,281.2857142857143
48023,baylor,tx,387.0
48025,bee,tx,140.375
48027,bell,tx,520.9090909090909
48029,bexar,tx,734.4516129032259
48031,blanco,tx,233.0
48033,borden,tx,27.0
48035,bosque,tx,355.0
48037,bowie,tx,394.9
48039,brazoria,tx,349.85185185185185
48041,brazos,tx,323.2
48043,brewster,tx,131.25
48045,briscoe,tx,226.5
48047,brooks,tx,163.5
48049,brown,tx,265.6666666666667
48051,burleson,tx,232.0
48053,burnet,tx,476.57142857142856
48055,caldwell,tx,315.6666666666667
48057,calhoun,tx,303.75
48059,callahan,tx,280.25
48061,cameron,tx,543.8787234042553
48063,camp,tx,299.0
48065,carson,tx,309.0
48067,cass,tx,124.77777777777777
48069,castro,tx,451.09999999999997
48071,chambers,tx,220.0
48073,cherokee,tx,173.125
48075,childress,tx,285.0
48077,clay,tx,162.66666666666666
48079,cochran,tx,350.5
48081,coke,tx,329.0
48083,coleman,tx,182.0
48085,collin,tx,509.25
48087,collingsworth,tx,174.0
48089,colorado,tx,412.25
48091,comal,tx,285.25
48093,comanche,tx,329.3333333333333
48095,concho,tx,181.5
48097,cooke,tx,213.66666666666666
48099,coryell,tx,419.8
48101,cottle,tx,321.0
48103,crane,tx,1321.0
48105,crockett,tx,226.0
48107,crosby,tx,424.0
48109,culberson,tx,257.0
48111,dallam,tx,399.0
48113,dallas,tx,1144.0416666666667
48115,dawson,tx,368.90000000000003
48117,deaf_smith,tx,900.0
48119,delta,tx,327.5
48121,denton,tx,807.1342857142857
48123,dewitt,tx,438.0
48125,dickens,tx,173.5
48127,dimmit,tx,562.8
48129,donley,tx,150.33333333333334
48131,duval,tx,352.76
48133,eastland,tx,243.83333333333334
48135,ector,tx,341.375
48137,edwards,tx,449.0
48139,ellis,tx,274.7375
48141,el_paso,tx,502.5833333333333
48143,erath,tx,530.0
48145,falls,tx,311.8
48147,fannin,tx,246.8181818181818
48149,fayette,tx,263.1666666666667
48151,fisher,tx,336.5
48153,floyd,tx,457.5
48155,foard,tx,134.0
48157,fort_bend,tx,828.9583333333334
48159,franklin,tx,248.0
48161,freestone,tx,194.4
48163,frio,tx,269.1666666666667
48165,gaines,tx,525.0
48167,galveston,tx,700.54375
48169,garza,tx,515.0
48171,gillespie,tx,166.66666666666666
48173,glasscock,tx,63.0
48175,goliad,tx,520.0
48177,gonzales,tx,469.5
48179,gray,tx,533.3333333333334
48181,grayson,tx,284.2722222222222
48183,gregg,tx,218.22222222222223
48185,grimes,tx,150.4
48187,guadalupe,tx,207.08333333333334
48189,hale,tx,400.5
48191,hall,tx,198.33333333333334
48193,hamilton,tx,355.5
48195,hansford,tx,414.0
48197,hardeman,tx,277.5
48199,hardin,tx,247.28571428571428
48201,harris,tx,1145.6243243243243
48203,harrison,tx,226.0
48205,hartley,tx,70.5
48207,haskell,tx,254.48000000000002
48209,hays,tx,372.55833333333334
48211,hemphill,tx,828.0
48213,henderson,tx,204.94736842105263
48215,hidalgo,tx,692.0846153846154
48217,hill,tx,240.42307692307693
48219,hockley,tx,374.45
48221,hood,tx,377.42857142857144
48223,hopkins,tx,243.5
48225,houston,tx,201.8
48227,howard,tx,260.7
48229,hudspeth,tx,47.0
48231,hunt,tx,280.10833333333335
48233,hutchinson,tx,343.88
48235,irion,tx,253.0
48237,jack,tx,161.66666666666666
48239,jackson,tx,325.4
48241,jasper,tx,151.16666666666666
48243,jeff_davis,tx,84.0
48245,jefferson,tx,463.6363636363636
48247,jim_hogg,tx,97.66666666666667
48249,jim_wells,tx,197.57142857142858
48251,johnson,tx,341.5833333333333
48253,jones,tx,152.0
48255,karnes,tx,438.5
48257,kaufman,tx,303.7647058823529
48259,kendall,tx,447.5
48261,kenedy,tx,130.0
48263,kent,tx,59.0
48265,kerr,tx,466.0
48267,kimble,tx,451.0
48269,king,tx,44.0
48271,kinney,tx,137.9
48273,kleberg,tx,276.6666666666667
48275,knox,tx,255.25
48277,lamar,tx,195.3875
48279,lamb,tx,304.0
48281,lampasas,tx,273.3333333333333
48283,la_salle,tx,720.3333333333334
48285,lavaca,tx,410.0
48287,lee,tx,382.0
48289,leon,tx,150.0
48291,liberty,tx,113.6923076923077
48293,limestone,tx,283.0
48295,lipscomb,tx,217.85999999999999
48297,live_oak,tx,528.5
48299,llano,tx,196.33333333333334
48301,loving,tx,11.5
48303,lubbock,tx,494.5
48305,lynn,tx,316.0
48307,mcculloch,tx,216.5
48309,mclennan,tx,378.4
48311,mcmullen,tx,168.1
48313,madison,tx,258.0
48315,marion,tx,147.0
48317,martin,tx,579.0
48319,mason,tx,242.0
48321,matagorda,tx,250.5
48323,maverick,tx,691.7727272727273
48325,medina,tx,483.8333333333333
48327,menard,tx,274.0
48329,midland,tx,722.0
48331,milam,tx,346.4
48333,mills,tx,248.5
48335,mitchell,tx,155.0
48337,montague,tx,209.66666666666666
48339,montgomery,tx,435.6875
48341,moore,tx,693.0
48343,morris,tx,338.0
48345,motley,tx,166.5
48347,nacogdoches,tx,217.16666666666666
48349,navarro,tx,151.66470588235296
48351,newton,tx,76.66666666666667
48353,nolan,tx,226.0
48355,nueces,tx,290.0285714285714
48357,ochiltree,tx,692.0
48359,oldham,tx,148.66666666666666
48361,orange,tx,260.2857142857143
48363,palo_pinto,tx,230.16666666666666
48365,panola,tx,202.0
48367,parker,tx,241.69230769230768
48369,parmer,tx,738.0
48371,pecos,tx,360.525
48373,polk,tx,179.0
48375,potter,tx,458.5
48377,presidio,tx,353.1333333333334
48379,rains,tx,223.33333333333334
48381,randall,tx,344.75
48383,reagan,tx,521.0
48385,real,tx,579.5
48387,red_river,tx,287.4
48389,reeves,tx,312.6666666666667
48391,refugio,tx,367.04
48393,roberts,tx,144.0
48395,robertson,tx,377.5
48397,rockwall,tx,379.59999999999997
48399,runnels,tx,358.6666666666667
48401,rusk,tx,161.83333333333334
48403,sabine,tx,142.66666666666666
48405,san_augustine,tx,181.25
48407,san_jacinto,tx,128.8
48409,san_patricio,tx,327.4
48411,san_saba,tx,286.0
48413,schleicher,tx,625.0
48415,scurry,tx,251.5
48417,shackelford,tx,292.0
48419,shelby,tx,164.8
48421,sherman,tx,201.0
48423,smith,tx,371.90909090909093
48425,somervell,tx,262.0
48427,starr,tx,442.2515625
48429,stephens,tx,499.0
48431,sterling,tx,447.0
48433,stonewall,tx,209.0
48435,sutton,tx,584.0
48437,swisher,tx,447.0
48439,tarrant,tx,969.4324324324324
48441,taylor,tx,218.08888888888887
48443,terrell,tx,70.0
48445,terry,tx,339.8333333333333
48447,throckmorton,tx,120.63333333333333
48449,titus,tx,291.05
48451,tom_green,tx,235.5
48453,travis,tx,460.56
48455,trinity,tx,223.33333333333334
48457,tyler,tx,170.0
48459,upshur,tx,307.8
48461,upton,tx,370.5
48463,uvalde,tx,276.4
48465,val_verde,tx,425.85714285714283
48467,van_zandt,tx,256.3333333333333
48469,victoria,tx,292.0
48471,walker,tx,207.33333333333334
48473,waller,tx,299.1666666666667
48475,ward,tx,228.33333333333334
48477,washington,tx,307.5
48479,webb,tx,534.895238095238
48481,wharton,tx,187.28571428571428
48483,wheeler,tx,268.3333333333333
48485,wichita,tx,329.5
48487,wilbarger,tx,493.0
48489,willacy,tx,336.98
48491,williamson,tx,592.5333333333333
48493,wilson,tx,265.0
48495,winkler,tx,645.0
48497,wise,tx,232.16666666666666
48499,wood,tx,238.57142857142858
48501,yoakum,tx,541.0
48503,young,tx,436.3333333333333
48505,zapata,tx,393.7625
48507,zavala,tx,287.3
49001,beaver,ut,216.0
49003,box_elder,ut,159.42105263157896
49005,cache,ut,357.82608695652175
49007,carbon,ut,231.375
49009,daggett,ut,39.666666666666664
49011,davis,ut,1098.7333333333333
49013,duchesne,ut,207.94285714285712
49015,emery,ut,203.77777777777777
49017,garfield,ut,55.333333333333336
49019,grand,ut,151.66666666666666
49021,iron,ut,181.44444444444446
49023,juab,ut,314.0
49025,kane,ut,54.4
49027,millard,ut,141.53076923076924
49029,morgan,ut,408.5
49031,piute,ut,14.25
49033,rich,ut,99.6
49035,salt_lake,ut,1259.8086956521738
49037,san_juan,ut,42.90833333333333
49039,sanpete,ut,368.18461538461537
49041,sevier,ut,284.25
49043,summit,ut,104.4375
49045,tooele,ut,267.55
49047,uintah,ut,184.625
49049,utah,ut,557.0866666666666
49051,wasatch,ut,203.8875
49053,washington,ut,141.89473684210526
49055,wayne,ut,97.85714285714286
49057,weber,ut,687.5555555555555
50001,addison,vt,155.0
50003,bennington,vt,216.1
50005,caledonia,vt,198.82857142857142
50007,chittenden,vt,759.9714285714286
50009,essex,vt,60.0
50011,franklin,vt,549.0
50013,grand_isle,vt,53.0
50015,lamoille,vt,268.6666666666667
50017,orange,vt,83.0
50019,orleans,vt,273.6
50021,rutland,vt,207.33333333333334
50023,washington,vt,288.6666666666667
50025,windham,vt,225.0181818181818
50027,windsor,vt,192.47
51001,accomack,va,146.6888888888889
51003,albemarle,va,501.6
51005,alleghany,va,282.64
51007,amelia,va,107.0
51009,amherst,va,216.5
51011,appomattox,va,288.45
51013,arlington,va,3511.0
51015,augusta,va,132.28235294117647
51017,bath,va,40.0
51019,bedford,va,191.0
51021,bland,va,58.0
51023,botetourt,va,235.85714285714286
51025,brunswick,va,131.83333333333334
51027,buchanan,va,51.5
51029,buckingham,va,143.0
51031,campbell,va,185.2
51033,caroline,va,231.0
51035,carroll,va,66.33333333333333
51036,charles_city,va,3.0
51037,charlotte,va,128.5
51041,chesterfield,va,712.8333333333334
51043,clarke,va,454.43333333333334
51045,craig,va,286.5
51047,culpeper,va,988.0
51049,cumberland,va,26.0
51051,dickenson,va,129.33333333333334
51053,dinwiddie,va,231.0
51057,essex,va,276.0
51059,fairfax,va,1728.9416666666666
51061,fauquier,va,278.25
51063,floyd,va,446.0
51065,fluvanna,va,207.26666666666665
51067,franklin,va,100.375
51069,frederick,va,388.25
51071,giles,va,360.0
51073,gloucester,va,294.5
51075,goochland,va,58.0
51077,grayson,va,167.66666666666666
51079,greene,va,425.4666666666667
51083,halifax,va,74.33333333333333
51085,hanover,va,328.0
51087,henrico,va,933.3846153846154
51089,henry,va,185.27272727272728
51091,highland,va,146.3
51093,isle_of_wight,va,164.14285714285714
51097,king_and_queen,va,28.0
51099,king_george,va,336.06
51101,king_william,va,125.0
51103,lancaster,va,94.25
51105,lee,va,216.79999999999998
51107,loudoun,va,1276.0208333333333
51109,louisa,va,264.6666666666667
51111,lunenburg,va,176.66666666666666
51113,madison,va,205.35
51115,mathews,va,118.0
51117,mecklenburg,va,137.3
51119,middlesex,va,216.33333333333334
51121,montgomery,va,424.5
51125,nelson,va,46.833333333333336
51127,new_kent,va,68.0
51131,northampton,va,224.6
51133,northumberland,va,23.0
51135,nottoway,va,244.0
51137,orange,va,685.6666666666666
51139,page,va,492.6666666666667
51141,patrick,va,123.5
51143,pittsylvania,va,213.83333333333334
51145,powhatan,va,77.0
51147,prince_edward,va,289.0
51149,prince_george,va,168.66666666666666
51153,prince_william,va,1181.0478260869565
51155,pulaski,va,212.5
51157,rappahannock,va,144.85
51159,richmond,va,299.0
51161,roanoke,va,681.0
51163,rockbridge,va,245.0
51165,rockingham,va,547.9
51167,russell,va,186.92000000000002
51169,scott,va,203.54999999999998
51171,shenandoah,va,394.9625
51173,smyth,va,193.125
51175,southampton,va,251.42857142857142
51177,spotsylvania,va,353.5
51179,stafford,va,560.0
51181,surry,va,79.5
51183,sussex,va,162.0
51185,tazewell,va,170.44444444444446
51187,warren,va,288.6
51191,washington,va,360.75
51193,westmoreland,va,386.5
51195,wise,va,312.7142857142857
51197,wythe,va,125.2
51199,york,va,1870.5
53001,adams,wa,322.4
53003,asotin,wa,705.5
53005,benton,wa,539.3333333333334
53007,chelan,wa,541.3222222222222
53009,clallam,wa,340.1727272727273
53011,clark,wa,802.04
53013,columbia,wa,427.6
53015,cowlitz,wa,530.3714285714285
53017,douglas,wa,749.6
53019,ferry,wa,55.0
53021,franklin,wa,320.73333333333335
53023,garfield,wa,277.0
53025,grant,wa,395.9842105263158
53027,grays_harbor,wa,162.35714285714286
53029,island,wa,410.7142857142857
53031,jefferson,wa,158.5
53033,king,wa,1069.8704918032786
53035,kitsap,wa,556.0
53037,kittitas,wa,328.1111111111111
53039,klickitat,wa,182.54545454545453
53041,lewis,wa,369.3076923076923
53043,lincoln,wa,306.875
53045,mason,wa,253.28571428571428
53047,okanogan,wa,286.5263157894737
53049,pacific,wa,194.85454545454547
53051,pend_oreille,wa,318.21999999999997
53053,pierce,wa,593.0985507246377
53055,san_juan,wa,425.0
53057,skagit,wa,342.4647058823529
53059,skamania,wa,220.0
53061,snohomish,wa,799.5212121212121
53063,spokane,wa,584.6800000000001
53065,stevens,wa,258.23
53067,thurston,wa,650.0833333333334
53069,wahkiakum,wa,80.9
53071,walla_walla,wa,413.75
53073,whatcom,wa,424.42105263157896
53075,whitman,wa,291.13529411764705
53077,yakima,wa,552.1846153846153
54001,barbour,wv,262.3
54003,berkeley,wv,670.525
54005,boone,wv,172.8777777777778
54007,braxton,wv,337.0
54009,brooke,wv,455.59999999999997
54011,cabell,wv,505.14285714285717
54013,calhoun,wv,468.0
54015,clay,wv,496.0
54017,doddridge,wv,685.2
54019,fayette,wv,249.584
54021,gilmer,wv,392.3
54023,grant,wv,496.4
54025,greenbrier,wv,387.1111111111111
54027,hampshire,wv,303.25
54029,hancock,wv,544.5
54031,hardy,wv,344.35
54033,harrison,wv,401.50625
54035,jackson,wv,583.0
54037,jefferson,wv,541.375
54039,kanawha,wv,523.684
54041,lewis,wv,493.45
54043,lincoln,wv,353.75
54045,logan,wv,180.68
54047,mcdowell,wv,117.6222222222222
54049,marion,wv,454.62142857142857
54051,marshall,wv,727.2
54053,mason,wv,296.6875
54055,mercer,wv,355.81
54057,mineral,wv,378.8125
54059,mingo,wv,160.77777777777777
54061,monongalia,wv,580.4333333333333
54063,monroe,wv,426.4
54065,morgan,wv,498.93333333333334
54067,nicholas,wv,165.2111111111111
54069,ohio,wv,485.6666666666667
54071,pendleton,wv,242.5
54073,pleasants,wv,842.0
54075,pocahontas,wv,88.05
54077,preston,wv,273.06363636363636
54079,putnam,wv,469.0125
54081,raleigh,wv,282.56315789473683
54083,randolph,wv,243.32857142857142
54085,ritchie,wv,201.73333333333335
54087,roane,wv,343.1
54089,summers,wv,468.0
54091,taylor,wv,324.15
54093,tucker,wv,216.01999999999998
54095,tyler,wv,621.2333333333333
54097,upshur,wv,741.0
54099,wayne,wv,328.57142857142856
54101,webster,wv,427.75
54103,wetzel,wv,376.8375
54105,wirt,wv,725.0
54107,wood,wv,479.1
54109,wyoming,wv,156.56666666666666
55001,adams,wi,109.77777777777777
55003,ashland,wi,75.36363636363636
55005,barron,wi,255.11111111111111
55007,bayfield,wi,79.63636363636364
55009,brown,wi,476.72727272727275
55011,buffalo,wi,116.69999999999999
55013,burnett,wi,149.33333333333334
55015,calumet,wi,234.77777777777777
55017,chippewa,wi,220.45454545454547
55019,clark,wi,223.45454545454547
55021,columbia,wi,282.8666666666667
55023,crawford,wi,74.27272727272727
55025,dane,wi,682.6
55027,dodge,wi,424.07
55029,door,wi,123.375
55031,douglas,wi,86.0
55033,dunn,wi,200.0
55035,eau_claire,wi,424.2
55037,florence,wi,82.05
55039,fond_du_lac,wi,390.46666666666664
55041,forest,wi,76.83333333333333
55043,grant,wi,302.93809523809523
55045,green,wi,458.6375
55047,green_lake,wi,230.5375
55049,iowa,wi,236.6833333333333
55051,iron,wi,67.5
55053,jackson,wi,168.14285714285714
55055,jefferson,wi,369.93333333333334
55057,juneau,wi,224.0
55059,kenosha,wi,441.0
55061,kewaunee,wi,391.75
55063,la_crosse,wi,573.2857142857143
55065,lafayette,wi,341.69
55067,langlade,wi,154.5
55069,lincoln,wi,311.0
55071,manitowoc,wi,367.0
55073,marathon,wi,220.625
55075,marinette,wi,204.1818181818182
55077,marquette,wi,233.0
55078,menominee,wi,32.0
55079,milwaukee,wi,1329.3684210526317
55081,monroe,wi,213.94545454545457
55083,oconto,wi,188.3
55085,oneida,wi,158.0
55087,outagamie,wi,580.4166666666666
55089,ozaukee,wi,599.4444444444445
55091,pepin,wi,255.75
55093,pierce,wi,291.22222222222223
55095,polk,wi,189.33333333333334
55097,portage,wi,283.5
55099,price,wi,105.0
55101,racine,wi,560.3888888888889
55103,richland,wi,179.63333333333333
55105,rock,wi,482.1363636363636
55107,rusk,wi,122.33333333333333
55109,st._croix,wi,332.5833333333333
55111,sauk,wi,408.0
55113,sawyer,wi,96.77777777777777
55115,shawano,wi,120.88571428571429
55117,sheboygan,wi,411.2352941176471
55119,taylor,wi,187.4125
55121,trempealeau,wi,304.0
55123,vernon,wi,278.59090909090907
55125,vilas,wi,101.0
55127,walworth,wi,366.52941176470586
55129,washburn,wi,98.71428571428571
55131,washington,wi,508.0
55133,waukesha,wi,406.23809523809524
55135,waupaca,wi,248.07142857142858
55137,waushara,wi,195.11111111111111
55139,winnebago,wi,613.5555555555555
55141,wood,wi,229.35714285714286
56001,albany,wy,147.68
56003,big_horn,wy,217.0
56005,campbell,wy,625.6666666666666
56007,carbon,wy,154.35999999999999
56009,converse,wy,198.20000000000002
56011,crook,wy,202.75
56013,fremont,wy,128.1
56015,goshen,wy,312.6666666666667
56017,hot_springs,wy,241.775
56019,johnson,wy,315.0
56021,laramie,wy,334.93333333333334
56023,lincoln,wy,99.52380952380952
56025,natrona,wy,284.2214285714286
56027,niobrara,wy,93.7
56029,park,wy,225.16666666666666
56031,platte,wy,110.71111111111111
56033,sheridan,wy,256.325
56035,sublette,wy,189.58571428571426
56037,sweetwater,wy,123.38125
56039,teton,wy,290.8888888888889
56041,uinta,wy,202.3
56043,washakie,wy,260.85
56045,weston,wy,182.0
01001,autauga,al,115.2
01003,baldwin,al,238.0
01005,barbour,al,68.0
01007,bibb,al,120.25
01009,blount,al,127.76923076923077
01011,bullock,al,129.5
01013,butler,al,104.66666666666667
01015,calhoun,al,209.69230769230768
01017,chambers,al,97.36363636363636
01019,cherokee,al,65.57142857142857
01021,chilton,al,112.5
01023,choctaw,al,58.375
01025,clarke,al,69.625
01027,clay,al,49.0
01029,cleburne,al,79.4
01031,coffee,al,140.75
01033,colbert,al,257.3333333333333
01035,conecuh,al,114.33333333333333
01037,coosa,al,46.57142857142857
01039,covington,al,71.92857142857143
01041,crenshaw,al,74.66666666666667
01043,cullman,al,137.30769230769232
01045,dale,al,148.61818181818182
01047,dallas,al,202.25
01049,dekalb,al,97.2
01051,elmore,al,144.0
01053,escambia,al,154.33333333333334
01055,etowah,al,94.22727272727273
01057,fayette,al,87.25
01059,franklin,al,84.57142857142857
01061,geneva,al,88.875
01063,greene,al,99.25
01065,hale,al,238.75
01067,henry,al,43.25
01069,houston,al,105.33333333333333
01071,jackson,al,98.76923076923077
01073,jefferson,al,381.0547619047619
01075,lamar,al,76.83333333333333
01077,lauderdale,al,182.5
01079,lawrence,al,175.66666666666666
01081,lee,al,238.25
01083,limestone,al,142.2
01085,lowndes,al,72.9
01087,macon,al,67.5
01089,madison,al,192.58333333333334
01091,marengo,al,60.67999999999999
01093,marion,al,54.0
01095,marshall,al,207.71428571428572
01097,mobile,al,199.47368421052633
01099,monroe,al,105.75
01101,montgomery,al,296.5
01103,morgan,al,203.57142857142858
01105,perry,al,82.0
01107,pickens,al,96.94444444444444
01109,pike,al,105.0
01111,randolph,al,87.85714285714286
01113,russell,al,374.6666666666667
01115,st._clair,al,129.1
01117,shelby,al,247.86363636363637
01119,sumter,al,70.75555555555555
01121,talladega,al,126.72727272727273
01123,tallapoosa,al,39.2
01125,tuscaloosa,al,340.55555555555554
01127,walker,al,126.54545454545455
01129,washington,al,29.153846153846153
01131,wilcox,al,76.83333333333333
01133,winston,al,79.5
04001,apache,az,78.85000000000001
04003,cochise,az,157.05
04005,coconino,az,142.70909090909092
04007,gila,az,120.88000000000001
04009,graham,az,186.55454545454543
04011,greenlee,az,203.8
04012,la_paz,az,48.98125
04013,maricopa,az,635.9690476190476
04015,mohave,az,117.57674418604651
04017,navajo,az,78.6891304347826
04019,pima,az,271.17391304347825
04021,pinal,az,132.91666666666666
04023,santa_cruz,az,106.3
04025,yavapai,az,176.30769230769232
04027,yuma,az,480.7470588235294
05001,arkansas,ar,283.8
05003,ashley,ar,157.56666666666666
05005,baxter,ar,162.33333333333334
05007,benton,ar,251.27272727272728
05009,boone,ar,160.38
05011,bradley,ar,213.20000000000002
05013,calhoun,ar,145.75
05015,carroll,ar,178.85714285714286
05017,chicot,ar,320.6666666666667
05019,clark,ar,195.1142857142857
05021,clay,ar,197.29999999999998
05023,cleburne,ar,107.83333333333333
05025,cleveland,ar,61.833333333333336
05027,columbia,ar,227.2
05029,conway,ar,151.2
05031,craighead,ar,230.82
05033,crawford,ar,176.33333333333334
05035,crittenden,ar,169.39999999999998
05037,cross,ar,235.0
05039,dallas,ar,150.0
05041,desha,ar,307.8
05043,drew,ar,132.7
05045,faulkner,ar,163.0
05047,franklin,ar,126.3
05049,fulton,ar,202.5
05051,garland,ar,268.625
05053,grant,ar,156.34
05055,greene,ar,202.6
05057,hempstead,ar,126.55
05059,hot_spring,ar,191.6
05061,howard,ar,192.5
05063,independence,ar,188.2
05065,izard,ar,68.5
05067,jackson,ar,202.88181818181818
05069,jefferson,ar,206.15
05071,johnson,ar,115.66666666666667
05073,lafayette,ar,185.25
05075,lawrence,ar,105.61538461538461
05077,lee,ar,122.43333333333334
05079,lincoln,ar,114.33333333333333
05081,little_river,ar,127.45
05083,logan,ar,133.1
05085,lonoke,ar,272.14
05087,madison,ar,123.5
05089,marion,ar,161.2
05091,miller,ar,202.66666666666666
05093,mississippi,ar,240.4470588235294
05095,monroe,ar,164.52
05097,montgomery,ar,161.25
05099,nevada,ar,69.28571428571429
05101,newton,ar,283.0
05103,ouachita,ar,227.4333333333333
05105,perry,ar,112.14285714285714
05107,phillips,ar,360.0
05109,pike,ar,116.0
05111,poinsett,ar,267.45
05113,polk,ar,143.1
05115,pope,ar,195.16666666666666
05117,prairie,ar,180.9
05119,pulaski,ar,347.075
05121,randolph,ar,155.33333333333334
05123,st._francis,ar,135.25
05125,saline,ar,308.77777777777777
05127,scott,ar,231.0
05129,searcy,ar,106.9
05131,sebastian,ar,272.31
05133,sevier,ar,164.6
05135,sharp,ar,96.3625
05137,stone,ar,85.5
05139,union,ar,159.0
05141,van_buren,ar,55.6
05143,washington,ar,285.6923076923077
05145,white,ar,264.26875
05147,woodruff,ar,219.2
05149,yell,ar,213.14285714285714
06001,alameda,ca,2496.0
06003,alpine,ca,13.25
06005,amador,ca,189.01764705882354
06007,butte,ca,229.75862068965517
06009,calaveras,ca,132.75
06011,colusa,ca,255.22222222222223
06013,contra_costa,ca,1379.174
06015,del_norte,ca,294.6666666666667
06017,el_dorado,ca,322.46153846153845
06019,fresno,ca,911.4906976744186
06021,glenn,ca,844.0
06023,humboldt,ca,328.06857142857143
06025,imperial,ca,910.8529411764706
06027,inyo,ca,95.89411764705882
06029,kern,ca,427.1896551724138
06031,kings,ca,835.8545454545455
06033,lake,ca,327.2857142857143
06035,lassen,ca,114.3076923076923
06037,los_angeles,ca,2888.3611510791366
06039,madera,ca,423.74615384615385
06041,marin,ca,799.7838709677419
06043,mariposa,ca,55.916666666666664
06045,mendocino,ca,211.1304347826087
06047,merced,ca,699.6750000000001
06049,modoc,ca,61.27272727272727
06051,mono,ca,29.5
06053,monterey,ca,1002.4250000000001
06055,napa,ca,560.6
06057,nevada,ca,286.45384615384614
06059,orange,ca,2286.6
06061,placer,ca,409.35
06063,plumas,ca,41.496875
06065,riverside,ca,610.0833333333334
06067,sacramento,ca,1317.6735294117648
06069,san_benito,ca,863.5
06071,san_bernardino,ca,664.156862745098
06073,san_diego,ca,1004.2307692307693
06075,san_francisco,ca,7199.0
06077,san_joaquin,ca,846.0357142857143
06079,san_luis_obispo,ca,525.8461538461538
06081,san_mateo,ca,1797.3225806451612
06083,santa_barbara,ca,1146.2346153846154
06085,santa_clara,ca,1729.3608695652176
06087,santa_cruz,ca,843.1344827586207
06089,shasta,ca,129.95000000000002
06091,sierra,ca,38.945454545454545
06093,siskiyou,ca,236.39499999999998
06095,solano,ca,884.6363636363636
06097,sonoma,ca,657.0
06099,stanislaus,ca,1414.5566666666666
06101,sutter,ca,277.5
06103,tehama,ca,203.0
06105,trinity,ca,18.166666666666668
06107,tulare,ca,634.621052631579
06109,tuolumne,ca,200.1764705882353
06111,ventura,ca,1116.5772727272727
06113,yolo,ca,634.6666666666666
06115,yuba,ca,361.72727272727275
08001,adams,co,1504.7333333333333
08003,alamosa,co,240.83333333333334
08005,arapahoe,co,900.8454545454545
08007,archuleta,co,82.0
08009,baca,co,218.25
08011,bent,co,282.0
08013,boulder,co,345.1793103448276
08014,broomfield,co,813.0
08015,chaffee,co,257.6666666666667
08017,cheyenne,co,287.0
08019,clear_creek,co,196.025
08021,conejos,co,386.34285714285716
08023,costilla,co,247.45
08025,crowley,co,406.125
08027,custer,co,94.0
08029,delta,co,428.90000000000003
08031,denver,co,1805.0
08033,dolores,co,288.0
08035,douglas,co,601.5
08037,eagle,co,317.79090909090905
08039,elbert,co,244.4
08041,el_paso,co,470.1736842105263
08043,fremont,co,131.4888888888889
08045,garfield,co,455.55
08047,gilpin,co,70.0
08049,grand,co,170.3875
08051,gunnison,co,285.6
08053,hinsdale,co,68.06666666666666
08055,huerfano,co,321.5
08057,jackson,co,153.7
08059,jefferson,co,930.9636363636364
08061,kiowa,co,151.32
08063,kit_carson,co,315.5833333333333
08065,lake,co,622.0
08067,la_plata,co,543.75
08069,larimer,co,482.75
08071,las_animas,co,106.74615384615385
08073,lincoln,co,166.775
08075,logan,co,254.05
08077,mesa,co,611.3
08079,mineral,co,145.0
08081,moffat,co,261.3333333333333
08083,montezuma,co,417.4
08085,montrose,co,302.4
08087,morgan,co,331.71666666666664
08089,otero,co,478.8
08091,ouray,co,161.45999999999998
08093,park,co,253.0
08095,phillips,co,276.125
08097,pitkin,co,245.0
08099,prowers,co,339.91999999999996
08101,pueblo,co,313.46
08103,rio_blanco,co,251.5
08105,rio_grande,co,281.4
08107,routt,co,360.4
08109,saguache,co,334.28000000000003
08111,san_juan,co,283.0
08113,san_miguel,co,259.98
08115,sedgwick,co,288.26666666666665
08117,summit,co,220.05555555555554
08119,teller,co,195.84285714285716
08121,washington,co,409.5
08123,weld,co,417.11481481481485
08125,yuma,co,164.94285714285712
09001,fairfield,ct,1219.894117647059
09003,hartford,ct,791.7647058823529
09005,litchfield,ct,286.9384615384615
09007,middlesex,ct,292.2857142857143
09009,new_haven,ct,1419.1
09011,new_london,ct,661.75
09013,tolland,ct,656.25
09015,windham,ct,511.6666666666667
